Key,Choice,Question,Alternative,Rail,Teton,Dirt,Gravel,Paved,Dist,Cost,gender,age_group,age,educ,res,emp,marr,house,house_inc,ID
211,1,1,1,1,0,1,0,0,3.09,91,1,2,26,4,2,6,2,1,5,1
212,0,1,2,0,1,0,0,1,0.89,20,1,2,26,4,2,6,2,1,5,1
213,0,1,3,0,0,0,0,0,0,0,1,2,26,4,2,6,2,1,5,1
221,1,2,1,1,0,1,0,0,3.09,26,1,2,26,4,2,6,2,1,5,1
222,0,2,2,0,1,0,1,0,0.36,48,1,2,26,4,2,6,2,1,5,1
223,0,2,3,0,0,0,0,0,0,0,1,2,26,4,2,6,2,1,5,1
231,0,3,1,1,0,0,0,1,0.49,91,1,2,26,4,2,6,2,1,5,1
232,1,3,2,0,1,0,0,1,0.36,48,1,2,26,4,2,6,2,1,5,1
233,0,3,3,0,0,0,0,0,0,0,1,2,26,4,2,6,2,1,5,1
241,1,4,1,1,0,0,0,1,1.68,26,1,2,26,4,2,6,2,1,5,1
242,0,4,2,0,1,0,1,0,0.36,57,1,2,26,4,2,6,2,1,5,1
243,0,4,3,0,0,0,0,0,0,0,1,2,26,4,2,6,2,1,5,1
251,1,5,1,1,0,1,1,0,3.09,26,1,2,26,4,2,6,2,1,5,1
252,0,5,2,0,1,0,1,0,1.06,20,1,2,26,4,2,6,2,1,5,1
253,0,5,3,0,0,0,0,0,0,0,1,2,26,4,2,6,2,1,5,1
261,0,6,1,1,0,0,0,1,1.68,91,1,2,26,4,2,6,2,1,5,1
262,1,6,2,0,1,1,0,0,1.06,20,1,2,26,4,2,6,2,1,5,1
263,0,6,3,0,0,0,0,0,0,0,1,2,26,4,2,6,2,1,5,1
271,1,7,1,1,0,1,0,0,1.68,167,1,2,26,4,2,6,2,1,5,1
272,0,7,2,0,1,1,0,0,0.89,57,1,2,26,4,2,6,2,1,5,1
273,0,7,3,0,0,0,0,0,0,0,1,2,26,4,2,6,2,1,5,1
281,0,8,1,1,0,0,1,0,0.49,26,1,2,26,4,2,6,2,1,5,1
282,1,8,2,0,1,0,0,1,0.89,57,1,2,26,4,2,6,2,1,5,1
283,0,8,3,0,0,0,0,0,0,0,1,2,26,4,2,6,2,1,5,1
291,0,9,1,1,0,0,1,0,0.49,167,1,2,26,4,2,6,2,1,5,1
292,1,9,2,0,1,1,0,0,1.06,48,1,2,26,4,2,6,2,1,5,1
293,0,9,3,0,0,0,0,0,0,0,1,2,26,4,2,6,2,1,5,1
111,0,1,1,1,0,0,1,0,1.68,91,1,3,38,5,1,2,1,5,11,2
112,1,1,2,0,1,0,1,0,0.89,48,1,3,38,5,1,2,1,5,11,2
113,0,1,3,0,0,0,0,0,0,0,1,3,38,5,1,2,1,5,11,2
121,0,2,1,1,0,1,0,0,1.68,26,1,3,38,5,1,2,1,5,11,2
122,1,2,2,0,1,0,0,1,1.06,48,1,3,38,5,1,2,1,5,11,2
123,0,2,3,0,0,0,0,0,0,0,1,3,38,5,1,2,1,5,11,2
131,0,3,1,1,0,0,1,0,1.68,167,1,3,38,5,1,2,1,5,11,2
132,1,3,2,0,1,0,0,1,0.36,20,1,3,38,5,1,2,1,5,11,2
133,0,3,3,0,0,0,0,0,0,0,1,3,38,5,1,2,1,5,11,2
141,1,4,1,1,0,0,0,1,3.09,26,1,3,38,5,1,2,1,5,11,2
142,0,4,2,0,1,1,0,0,0.89,48,1,3,38,5,1,2,1,5,11,2
143,0,4,3,0,0,0,0,0,0,0,1,3,38,5,1,2,1,5,11,2
151,0,5,1,1,0,1,0,0,0.49,91,1,3,38,5,1,2,1,5,11,2
152,1,5,2,0,1,0,1,0,1.06,57,1,3,38,5,1,2,1,5,11,2
153,0,5,3,0,0,0,0,0,0,0,1,3,38,5,1,2,1,5,11,2
161,0,6,1,1,0,0,0,1,0.49,167,1,3,38,5,1,2,1,5,11,2
162,1,6,2,0,1,0,1,0,0.89,20,1,3,38,5,1,2,1,5,11,2
163,0,6,3,0,0,0,0,0,0,0,1,3,38,5,1,2,1,5,11,2
171,0,7,1,1,0,0,0,1,3.09,167,1,3,38,5,1,2,1,5,11,2
172,1,7,2,0,1,0,0,1,1.06,57,1,3,38,5,1,2,1,5,11,2
173,0,7,3,0,0,0,0,0,0,0,1,3,38,5,1,2,1,5,11,2
181,0,8,1,1,0,1,0,0,0.49,26,1,3,38,5,1,2,1,5,11,2
182,1,8,2,0,1,1,0,0,0.36,20,1,3,38,5,1,2,1,5,11,2
183,0,8,3,0,0,0,0,0,0,0,1,3,38,5,1,2,1,5,11,2
191,0,9,1,1,0,0,1,0,3.09,91,1,3,38,5,1,2,1,5,11,2
192,1,9,2,0,1,1,0,0,0.36,57,1,3,38,5,1,2,1,5,11,2
193,0,9,3,0,0,0,0,0,0,0,1,3,38,5,1,2,1,5,11,2
211,0,1,1,1,0,1,0,0,3.09,91,1,0,0,4,1,1,2,1,0,3
212,0,1,2,0,1,0,0,1,0.89,20,1,0,0,4,1,1,2,1,0,3
213,1,1,3,0,0,0,0,0,0,0,1,0,0,4,1,1,2,1,0,3
221,0,2,1,1,0,1,0,0,3.09,26,1,0,0,4,1,1,2,1,0,3
222,0,2,2,0,1,0,1,0,0.36,48,1,0,0,4,1,1,2,1,0,3
223,1,2,3,0,0,0,0,0,0,0,1,0,0,4,1,1,2,1,0,3
231,0,3,1,1,0,0,0,1,0.49,91,1,0,0,4,1,1,2,1,0,3
232,0,3,2,0,1,0,0,1,0.36,48,1,0,0,4,1,1,2,1,0,3
233,1,3,3,0,0,0,0,0,0,0,1,0,0,4,1,1,2,1,0,3
241,0,4,1,1,0,0,0,1,1.68,26,1,0,0,4,1,1,2,1,0,3
242,0,4,2,0,1,0,1,0,0.36,57,1,0,0,4,1,1,2,1,0,3
243,1,4,3,0,0,0,0,0,0,0,1,0,0,4,1,1,2,1,0,3
251,0,5,1,1,0,1,1,0,3.09,26,1,0,0,4,1,1,2,1,0,3
252,0,5,2,0,1,0,1,0,1.06,20,1,0,0,4,1,1,2,1,0,3
253,1,5,3,0,0,0,0,0,0,0,1,0,0,4,1,1,2,1,0,3
261,0,6,1,1,0,0,0,1,1.68,91,1,0,0,4,1,1,2,1,0,3
262,0,6,2,0,1,1,0,0,1.06,20,1,0,0,4,1,1,2,1,0,3
263,1,6,3,0,0,0,0,0,0,0,1,0,0,4,1,1,2,1,0,3
271,0,7,1,1,0,1,0,0,1.68,167,1,0,0,4,1,1,2,1,0,3
272,0,7,2,0,1,1,0,0,0.89,57,1,0,0,4,1,1,2,1,0,3
273,1,7,3,0,0,0,0,0,0,0,1,0,0,4,1,1,2,1,0,3
281,0,8,1,1,0,0,1,0,0.49,26,1,0,0,4,1,1,2,1,0,3
282,0,8,2,0,1,0,0,1,0.89,57,1,0,0,4,1,1,2,1,0,3
283,1,8,3,0,0,0,0,0,0,0,1,0,0,4,1,1,2,1,0,3
291,0,9,1,1,0,0,1,0,0.49,167,1,0,0,4,1,1,2,1,0,3
292,0,9,2,0,1,1,0,0,1.06,48,1,0,0,4,1,1,2,1,0,3
293,1,9,3,0,0,0,0,0,0,0,1,0,0,4,1,1,2,1,0,3
211,0,1,1,1,0,1,0,0,3.09,91,1,1,21,3,2,6,2,1,1,4
212,1,1,2,0,1,0,0,1,0.89,20,1,1,21,3,2,6,2,1,1,4
213,0,1,3,0,0,0,0,0,0,0,1,1,21,3,2,6,2,1,1,4
221,0,2,1,1,0,1,0,0,3.09,26,1,1,21,3,2,6,2,1,1,4
222,1,2,2,0,1,0,1,0,0.36,48,1,1,21,3,2,6,2,1,1,4
223,0,2,3,0,0,0,0,0,0,0,1,1,21,3,2,6,2,1,1,4
231,0,3,1,1,0,0,0,1,0.49,91,1,1,21,3,2,6,2,1,1,4
232,1,3,2,0,1,0,0,1,0.36,48,1,1,21,3,2,6,2,1,1,4
233,0,3,3,0,0,0,0,0,0,0,1,1,21,3,2,6,2,1,1,4
241,1,4,1,1,0,0,0,1,1.68,26,1,1,21,3,2,6,2,1,1,4
242,0,4,2,0,1,0,1,0,0.36,57,1,1,21,3,2,6,2,1,1,4
243,0,4,3,0,0,0,0,0,0,0,1,1,21,3,2,6,2,1,1,4
251,0,5,1,1,0,1,1,0,3.09,26,1,1,21,3,2,6,2,1,1,4
252,1,5,2,0,1,0,1,0,1.06,20,1,1,21,3,2,6,2,1,1,4
253,0,5,3,0,0,0,0,0,0,0,1,1,21,3,2,6,2,1,1,4
261,0,6,1,1,0,0,0,1,1.68,91,1,1,21,3,2,6,2,1,1,4
262,0,6,2,0,1,1,0,0,1.06,20,1,1,21,3,2,6,2,1,1,4
263,1,6,3,0,0,0,0,0,0,0,1,1,21,3,2,6,2,1,1,4
271,0,7,1,1,0,1,0,0,1.68,167,1,1,21,3,2,6,2,1,1,4
272,1,7,2,0,1,1,0,0,0.89,57,1,1,21,3,2,6,2,1,1,4
273,0,7,3,0,0,0,0,0,0,0,1,1,21,3,2,6,2,1,1,4
281,0,8,1,1,0,0,1,0,0.49,26,1,1,21,3,2,6,2,1,1,4
282,1,8,2,0,1,0,0,1,0.89,57,1,1,21,3,2,6,2,1,1,4
283,0,8,3,0,0,0,0,0,0,0,1,1,21,3,2,6,2,1,1,4
291,0,9,1,1,0,0,1,0,0.49,167,1,1,21,3,2,6,2,1,1,4
292,0,9,2,0,1,1,0,0,1.06,48,1,1,21,3,2,6,2,1,1,4
293,1,9,3,0,0,0,0,0,0,0,1,1,21,3,2,6,2,1,1,4
211,0,1,1,1,0,1,0,0,3.09,91,0,1,23,5,1,1,1,2,2,5
212,1,1,2,0,1,0,0,1,0.89,20,0,1,23,5,1,1,1,2,2,5
213,0,1,3,0,0,0,0,0,0,0,0,1,23,5,1,1,1,2,2,5
221,0,2,1,1,0,1,0,0,3.09,26,0,1,23,5,1,1,1,2,2,5
222,1,2,2,0,1,0,1,0,0.36,48,0,1,23,5,1,1,1,2,2,5
223,0,2,3,0,0,0,0,0,0,0,0,1,23,5,1,1,1,2,2,5
231,0,3,1,1,0,0,0,1,0.49,91,0,1,23,5,1,1,1,2,2,5
232,1,3,2,0,1,0,0,1,0.36,48,0,1,23,5,1,1,1,2,2,5
233,0,3,3,0,0,0,0,0,0,0,0,1,23,5,1,1,1,2,2,5
241,0,4,1,1,0,0,0,1,1.68,26,0,1,23,5,1,1,1,2,2,5
242,1,4,2,0,1,0,1,0,0.36,57,0,1,23,5,1,1,1,2,2,5
243,0,4,3,0,0,0,0,0,0,0,0,1,23,5,1,1,1,2,2,5
251,0,5,1,1,0,1,1,0,3.09,26,0,1,23,5,1,1,1,2,2,5
252,1,5,2,0,1,0,1,0,1.06,20,0,1,23,5,1,1,1,2,2,5
253,0,5,3,0,0,0,0,0,0,0,0,1,23,5,1,1,1,2,2,5
261,0,6,1,1,0,0,0,1,1.68,91,0,1,23,5,1,1,1,2,2,5
262,1,6,2,0,1,1,0,0,1.06,20,0,1,23,5,1,1,1,2,2,5
263,0,6,3,0,0,0,0,0,0,0,0,1,23,5,1,1,1,2,2,5
271,0,7,1,1,0,1,0,0,1.68,167,0,1,23,5,1,1,1,2,2,5
272,1,7,2,0,1,1,0,0,0.89,57,0,1,23,5,1,1,1,2,2,5
273,0,7,3,0,0,0,0,0,0,0,0,1,23,5,1,1,1,2,2,5
281,0,8,1,1,0,0,1,0,0.49,26,0,1,23,5,1,1,1,2,2,5
282,1,8,2,0,1,0,0,1,0.89,57,0,1,23,5,1,1,1,2,2,5
283,0,8,3,0,0,0,0,0,0,0,0,1,23,5,1,1,1,2,2,5
291,0,9,1,1,0,0,1,0,0.49,167,0,1,23,5,1,1,1,2,2,5
292,1,9,2,0,1,1,0,0,1.06,48,0,1,23,5,1,1,1,2,2,5
293,0,9,3,0,0,0,0,0,0,0,0,1,23,5,1,1,1,2,2,5
111,1,1,1,1,0,0,1,0,1.68,91,1,4,48,3,3,2,1,4,3,6
112,0,1,2,0,1,0,1,0,0.89,48,1,4,48,3,3,2,1,4,3,6
113,0,1,3,0,0,0,0,0,0,0,1,4,48,3,3,2,1,4,3,6
121,1,2,1,1,0,1,0,0,1.68,26,1,4,48,3,3,2,1,4,3,6
122,0,2,2,0,1,0,0,1,1.06,48,1,4,48,3,3,2,1,4,3,6
123,0,2,3,0,0,0,0,0,0,0,1,4,48,3,3,2,1,4,3,6
131,1,3,1,1,0,0,1,0,1.68,167,1,4,48,3,3,2,1,4,3,6
132,0,3,2,0,1,0,0,1,0.36,20,1,4,48,3,3,2,1,4,3,6
133,0,3,3,0,0,0,0,0,0,0,1,4,48,3,3,2,1,4,3,6
141,1,4,1,1,0,0,0,1,3.09,26,1,4,48,3,3,2,1,4,3,6
142,0,4,2,0,1,1,0,0,0.89,48,1,4,48,3,3,2,1,4,3,6
143,0,4,3,0,0,0,0,0,0,0,1,4,48,3,3,2,1,4,3,6
151,0,5,1,1,0,1,0,0,0.49,91,1,4,48,3,3,2,1,4,3,6
152,1,5,2,0,1,0,1,0,1.06,57,1,4,48,3,3,2,1,4,3,6
153,0,5,3,0,0,0,0,0,0,0,1,4,48,3,3,2,1,4,3,6
161,0,6,1,1,0,0,0,1,0.49,167,1,4,48,3,3,2,1,4,3,6
162,1,6,2,0,1,0,1,0,0.89,20,1,4,48,3,3,2,1,4,3,6
163,0,6,3,0,0,0,0,0,0,0,1,4,48,3,3,2,1,4,3,6
171,0,7,1,1,0,0,0,1,3.09,167,1,4,48,3,3,2,1,4,3,6
172,1,7,2,0,1,0,0,1,1.06,57,1,4,48,3,3,2,1,4,3,6
173,0,7,3,0,0,0,0,0,0,0,1,4,48,3,3,2,1,4,3,6
181,1,8,1,1,0,1,0,0,0.49,26,1,4,48,3,3,2,1,4,3,6
182,0,8,2,0,1,1,0,0,0.36,20,1,4,48,3,3,2,1,4,3,6
183,0,8,3,0,0,0,0,0,0,0,1,4,48,3,3,2,1,4,3,6
191,1,9,1,1,0,0,1,0,3.09,91,1,4,48,3,3,2,1,4,3,6
192,0,9,2,0,1,1,0,0,0.36,57,1,4,48,3,3,2,1,4,3,6
193,0,9,3,0,0,0,0,0,0,0,1,4,48,3,3,2,1,4,3,6
211,0,1,1,1,0,1,0,0,3.09,91,0,1,19,3,1,2,1,3,4,7
212,1,1,2,0,1,0,0,1,0.89,20,0,1,19,3,1,2,1,3,4,7
213,0,1,3,0,0,0,0,0,0,0,0,1,19,3,1,2,1,3,4,7
221,1,2,1,1,0,1,0,0,3.09,26,0,1,19,3,1,2,1,3,4,7
222,0,2,2,0,1,0,1,0,0.36,48,0,1,19,3,1,2,1,3,4,7
223,0,2,3,0,0,0,0,0,0,0,0,1,19,3,1,2,1,3,4,7
231,0,3,1,1,0,0,0,1,0.49,91,0,1,19,3,1,2,1,3,4,7
232,1,3,2,0,1,0,0,1,0.36,48,0,1,19,3,1,2,1,3,4,7
233,0,3,3,0,0,0,0,0,0,0,0,1,19,3,1,2,1,3,4,7
241,0,4,1,1,0,0,0,1,1.68,26,0,1,19,3,1,2,1,3,4,7
242,1,4,2,0,1,0,1,0,0.36,57,0,1,19,3,1,2,1,3,4,7
243,0,4,3,0,0,0,0,0,0,0,0,1,19,3,1,2,1,3,4,7
251,0,5,1,1,0,1,1,0,3.09,26,0,1,19,3,1,2,1,3,4,7
252,1,5,2,0,1,0,1,0,1.06,20,0,1,19,3,1,2,1,3,4,7
253,0,5,3,0,0,0,0,0,0,0,0,1,19,3,1,2,1,3,4,7
261,0,6,1,1,0,0,0,1,1.68,91,0,1,19,3,1,2,1,3,4,7
262,1,6,2,0,1,1,0,0,1.06,20,0,1,19,3,1,2,1,3,4,7
263,0,6,3,0,0,0,0,0,0,0,0,1,19,3,1,2,1,3,4,7
271,0,7,1,1,0,1,0,0,1.68,167,0,1,19,3,1,2,1,3,4,7
272,1,7,2,0,1,1,0,0,0.89,57,0,1,19,3,1,2,1,3,4,7
273,0,7,3,0,0,0,0,0,0,0,0,1,19,3,1,2,1,3,4,7
281,1,8,1,1,0,0,1,0,0.49,26,0,1,19,3,1,2,1,3,4,7
282,0,8,2,0,1,0,0,1,0.89,57,0,1,19,3,1,2,1,3,4,7
283,0,8,3,0,0,0,0,0,0,0,0,1,19,3,1,2,1,3,4,7
291,0,9,1,1,0,0,1,0,0.49,167,0,1,19,3,1,2,1,3,4,7
292,1,9,2,0,1,1,0,0,1.06,48,0,1,19,3,1,2,1,3,4,7
293,0,9,3,0,0,0,0,0,0,0,0,1,19,3,1,2,1,3,4,7
111,0,1,1,1,0,0,1,0,1.68,91,1,1,21,3,2,1,2,1,1,8
112,1,1,2,0,1,0,1,0,0.89,48,1,1,21,3,2,1,2,1,1,8
113,0,1,3,0,0,0,0,0,0,0,1,1,21,3,2,1,2,1,1,8
121,1,2,1,1,0,1,0,0,1.68,26,1,1,21,3,2,1,2,1,1,8
122,0,2,2,0,1,0,0,1,1.06,48,1,1,21,3,2,1,2,1,1,8
123,0,2,3,0,0,0,0,0,0,0,1,1,21,3,2,1,2,1,1,8
131,0,3,1,1,0,0,1,0,1.68,167,1,1,21,3,2,1,2,1,1,8
132,0,3,2,0,1,0,0,1,0.36,20,1,1,21,3,2,1,2,1,1,8
133,1,3,3,0,0,0,0,0,0,0,1,1,21,3,2,1,2,1,1,8
141,0,4,1,1,0,0,0,1,3.09,26,1,1,21,3,2,1,2,1,1,8
142,1,4,2,0,1,1,0,0,0.89,48,1,1,21,3,2,1,2,1,1,8
143,0,4,3,0,0,0,0,0,0,0,1,1,21,3,2,1,2,1,1,8
151,1,5,1,1,0,1,0,0,0.49,91,1,1,21,3,2,1,2,1,1,8
152,0,5,2,0,1,0,1,0,1.06,57,1,1,21,3,2,1,2,1,1,8
153,0,5,3,0,0,0,0,0,0,0,1,1,21,3,2,1,2,1,1,8
161,0,6,1,1,0,0,0,1,0.49,167,1,1,21,3,2,1,2,1,1,8
162,1,6,2,0,1,0,1,0,0.89,20,1,1,21,3,2,1,2,1,1,8
163,0,6,3,0,0,0,0,0,0,0,1,1,21,3,2,1,2,1,1,8
171,0,7,1,1,0,0,0,1,3.09,167,1,1,21,3,2,1,2,1,1,8
172,1,7,2,0,1,0,0,1,1.06,57,1,1,21,3,2,1,2,1,1,8
173,0,7,3,0,0,0,0,0,0,0,1,1,21,3,2,1,2,1,1,8
181,1,8,1,1,0,1,0,0,0.49,26,1,1,21,3,2,1,2,1,1,8
182,0,8,2,0,1,1,0,0,0.36,20,1,1,21,3,2,1,2,1,1,8
183,0,8,3,0,0,0,0,0,0,0,1,1,21,3,2,1,2,1,1,8
191,0,9,1,1,0,0,1,0,3.09,91,1,1,21,3,2,1,2,1,1,8
192,1,9,2,0,1,1,0,0,0.36,57,1,1,21,3,2,1,2,1,1,8
193,0,9,3,0,0,0,0,0,0,0,1,1,21,3,2,1,2,1,1,8
211,0,1,1,1,0,1,0,0,3.09,91,1,1,23,3,2,6,2,1,2,9
212,1,1,2,0,1,0,0,1,0.89,20,1,1,23,3,2,6,2,1,2,9
213,0,1,3,0,0,0,0,0,0,0,1,1,23,3,2,6,2,1,2,9
221,0,2,1,1,0,1,0,0,3.09,26,1,1,23,3,2,6,2,1,2,9
222,1,2,2,0,1,0,1,0,0.36,48,1,1,23,3,2,6,2,1,2,9
223,0,2,3,0,0,0,0,0,0,0,1,1,23,3,2,6,2,1,2,9
231,0,3,1,1,0,0,0,1,0.49,91,1,1,23,3,2,6,2,1,2,9
232,1,3,2,0,1,0,0,1,0.36,48,1,1,23,3,2,6,2,1,2,9
233,0,3,3,0,0,0,0,0,0,0,1,1,23,3,2,6,2,1,2,9
241,0,4,1,1,0,0,0,1,1.68,26,1,1,23,3,2,6,2,1,2,9
242,1,4,2,0,1,0,1,0,0.36,57,1,1,23,3,2,6,2,1,2,9
243,0,4,3,0,0,0,0,0,0,0,1,1,23,3,2,6,2,1,2,9
251,0,5,1,1,0,1,1,0,3.09,26,1,1,23,3,2,6,2,1,2,9
252,1,5,2,0,1,0,1,0,1.06,20,1,1,23,3,2,6,2,1,2,9
253,0,5,3,0,0,0,0,0,0,0,1,1,23,3,2,6,2,1,2,9
261,0,6,1,1,0,0,0,1,1.68,91,1,1,23,3,2,6,2,1,2,9
262,1,6,2,0,1,1,0,0,1.06,20,1,1,23,3,2,6,2,1,2,9
263,0,6,3,0,0,0,0,0,0,0,1,1,23,3,2,6,2,1,2,9
271,0,7,1,1,0,1,0,0,1.68,167,1,1,23,3,2,6,2,1,2,9
272,1,7,2,0,1,1,0,0,0.89,57,1,1,23,3,2,6,2,1,2,9
273,0,7,3,0,0,0,0,0,0,0,1,1,23,3,2,6,2,1,2,9
281,1,8,1,1,0,0,1,0,0.49,26,1,1,23,3,2,6,2,1,2,9
282,0,8,2,0,1,0,0,1,0.89,57,1,1,23,3,2,6,2,1,2,9
283,0,8,3,0,0,0,0,0,0,0,1,1,23,3,2,6,2,1,2,9
291,0,9,1,1,0,0,1,0,0.49,167,1,1,23,3,2,6,2,1,2,9
292,1,9,2,0,1,1,0,0,1.06,48,1,1,23,3,2,6,2,1,2,9
293,0,9,3,0,0,0,0,0,0,0,1,1,23,3,2,6,2,1,2,9
111,1,1,1,1,0,0,1,0,1.68,91,1,4,48,3,3,2,2,1,3,10
112,0,1,2,0,1,0,1,0,0.89,48,1,4,48,3,3,2,2,1,3,10
113,0,1,3,0,0,0,0,0,0,0,1,4,48,3,3,2,2,1,3,10
121,0,2,1,1,0,1,0,0,1.68,26,1,4,48,3,3,2,2,1,3,10
122,1,2,2,0,1,0,0,1,1.06,48,1,4,48,3,3,2,2,1,3,10
123,0,2,3,0,0,0,0,0,0,0,1,4,48,3,3,2,2,1,3,10
131,0,3,1,1,0,0,1,0,1.68,167,1,4,48,3,3,2,2,1,3,10
132,1,3,2,0,1,0,0,1,0.36,20,1,4,48,3,3,2,2,1,3,10
133,0,3,3,0,0,0,0,0,0,0,1,4,48,3,3,2,2,1,3,10
141,1,4,1,1,0,0,0,1,3.09,26,1,4,48,3,3,2,2,1,3,10
142,0,4,2,0,1,1,0,0,0.89,48,1,4,48,3,3,2,2,1,3,10
143,0,4,3,0,0,0,0,0,0,0,1,4,48,3,3,2,2,1,3,10
151,0,5,1,1,0,1,0,0,0.49,91,1,4,48,3,3,2,2,1,3,10
152,1,5,2,0,1,0,1,0,1.06,57,1,4,48,3,3,2,2,1,3,10
153,0,5,3,0,0,0,0,0,0,0,1,4,48,3,3,2,2,1,3,10
161,1,6,1,1,0,0,0,1,0.49,167,1,4,48,3,3,2,2,1,3,10
162,0,6,2,0,1,0,1,0,0.89,20,1,4,48,3,3,2,2,1,3,10
163,0,6,3,0,0,0,0,0,0,0,1,4,48,3,3,2,2,1,3,10
171,1,7,1,1,0,0,0,1,3.09,167,1,4,48,3,3,2,2,1,3,10
172,0,7,2,0,1,0,0,1,1.06,57,1,4,48,3,3,2,2,1,3,10
173,0,7,3,0,0,0,0,0,0,0,1,4,48,3,3,2,2,1,3,10
181,1,8,1,1,0,1,0,0,0.49,26,1,4,48,3,3,2,2,1,3,10
182,0,8,2,0,1,1,0,0,0.36,20,1,4,48,3,3,2,2,1,3,10
183,0,8,3,0,0,0,0,0,0,0,1,4,48,3,3,2,2,1,3,10
191,1,9,1,1,0,0,1,0,3.09,91,1,4,48,3,3,2,2,1,3,10
192,0,9,2,0,1,1,0,0,0.36,57,1,4,48,3,3,2,2,1,3,10
193,0,9,3,0,0,0,0,0,0,0,1,4,48,3,3,2,2,1,3,10
211,0,1,1,1,0,1,0,0,3.09,91,1,1,20,4,2,1,1,2,1,11
212,1,1,2,0,1,0,0,1,0.89,20,1,1,20,4,2,1,1,2,1,11
213,0,1,3,0,0,0,0,0,0,0,1,1,20,4,2,1,1,2,1,11
221,0,2,1,1,0,1,0,0,3.09,26,1,1,20,4,2,1,1,2,1,11
222,1,2,2,0,1,0,1,0,0.36,48,1,1,20,4,2,1,1,2,1,11
223,0,2,3,0,0,0,0,0,0,0,1,1,20,4,2,1,1,2,1,11
231,0,3,1,1,0,0,0,1,0.49,91,1,1,20,4,2,1,1,2,1,11
232,1,3,2,0,1,0,0,1,0.36,48,1,1,20,4,2,1,1,2,1,11
233,0,3,3,0,0,0,0,0,0,0,1,1,20,4,2,1,1,2,1,11
241,1,4,1,1,0,0,0,1,1.68,26,1,1,20,4,2,1,1,2,1,11
242,0,4,2,0,1,0,1,0,0.36,57,1,1,20,4,2,1,1,2,1,11
243,0,4,3,0,0,0,0,0,0,0,1,1,20,4,2,1,1,2,1,11
251,0,5,1,1,0,1,1,0,3.09,26,1,1,20,4,2,1,1,2,1,11
252,1,5,2,0,1,0,1,0,1.06,20,1,1,20,4,2,1,1,2,1,11
253,0,5,3,0,0,0,0,0,0,0,1,1,20,4,2,1,1,2,1,11
261,1,6,1,1,0,0,0,1,1.68,91,1,1,20,4,2,1,1,2,1,11
262,0,6,2,0,1,1,0,0,1.06,20,1,1,20,4,2,1,1,2,1,11
263,0,6,3,0,0,0,0,0,0,0,1,1,20,4,2,1,1,2,1,11
271,1,7,1,1,0,1,0,0,1.68,167,1,1,20,4,2,1,1,2,1,11
272,0,7,2,0,1,1,0,0,0.89,57,1,1,20,4,2,1,1,2,1,11
273,0,7,3,0,0,0,0,0,0,0,1,1,20,4,2,1,1,2,1,11
281,0,8,1,1,0,0,1,0,0.49,26,1,1,20,4,2,1,1,2,1,11
282,1,8,2,0,1,0,0,1,0.89,57,1,1,20,4,2,1,1,2,1,11
283,0,8,3,0,0,0,0,0,0,0,1,1,20,4,2,1,1,2,1,11
291,1,9,1,1,0,0,1,0,0.49,167,1,1,20,4,2,1,1,2,1,11
292,0,9,2,0,1,1,0,0,1.06,48,1,1,20,4,2,1,1,2,1,11
293,0,9,3,0,0,0,0,0,0,0,1,1,20,4,2,1,1,2,1,11
111,0,1,1,1,0,0,1,0,1.68,91,1,1,22,3,2,1,2,1,1,12
112,1,1,2,0,1,0,1,0,0.89,48,1,1,22,3,2,1,2,1,1,12
113,0,1,3,0,0,0,0,0,0,0,1,1,22,3,2,1,2,1,1,12
121,0,2,1,1,0,1,0,0,1.68,26,1,1,22,3,2,1,2,1,1,12
122,1,2,2,0,1,0,0,1,1.06,48,1,1,22,3,2,1,2,1,1,12
123,0,2,3,0,0,0,0,0,0,0,1,1,22,3,2,1,2,1,1,12
131,1,3,1,1,0,0,1,0,1.68,167,1,1,22,3,2,1,2,1,1,12
132,0,3,2,0,1,0,0,1,0.36,20,1,1,22,3,2,1,2,1,1,12
133,0,3,3,0,0,0,0,0,0,0,1,1,22,3,2,1,2,1,1,12
141,0,4,1,1,0,0,0,1,3.09,26,1,1,22,3,2,1,2,1,1,12
142,1,4,2,0,1,1,0,0,0.89,48,1,1,22,3,2,1,2,1,1,12
143,0,4,3,0,0,0,0,0,0,0,1,1,22,3,2,1,2,1,1,12
151,1,5,1,1,0,1,0,0,0.49,91,1,1,22,3,2,1,2,1,1,12
152,0,5,2,0,1,0,1,0,1.06,57,1,1,22,3,2,1,2,1,1,12
153,0,5,3,0,0,0,0,0,0,0,1,1,22,3,2,1,2,1,1,12
161,0,6,1,1,0,0,0,1,0.49,167,1,1,22,3,2,1,2,1,1,12
162,1,6,2,0,1,0,1,0,0.89,20,1,1,22,3,2,1,2,1,1,12
163,0,6,3,0,0,0,0,0,0,0,1,1,22,3,2,1,2,1,1,12
171,1,7,1,1,0,0,0,1,3.09,167,1,1,22,3,2,1,2,1,1,12
172,0,7,2,0,1,0,0,1,1.06,57,1,1,22,3,2,1,2,1,1,12
173,0,7,3,0,0,0,0,0,0,0,1,1,22,3,2,1,2,1,1,12
181,1,8,1,1,0,1,0,0,0.49,26,1,1,22,3,2,1,2,1,1,12
182,0,8,2,0,1,1,0,0,0.36,20,1,1,22,3,2,1,2,1,1,12
183,0,8,3,0,0,0,0,0,0,0,1,1,22,3,2,1,2,1,1,12
191,1,9,1,1,0,0,1,0,3.09,91,1,1,22,3,2,1,2,1,1,12
192,0,9,2,0,1,1,0,0,0.36,57,1,1,22,3,2,1,2,1,1,12
193,0,9,3,0,0,0,0,0,0,0,1,1,22,3,2,1,2,1,1,12
211,0,1,1,1,0,1,0,0,3.09,91,1,1,22,5,2,1,1,3,3,13
212,1,1,2,0,1,0,0,1,0.89,20,1,1,22,5,2,1,1,3,3,13
213,0,1,3,0,0,0,0,0,0,0,1,1,22,5,2,1,1,3,3,13
221,0,2,1,1,0,1,0,0,3.09,26,1,1,22,5,2,1,1,3,3,13
222,1,2,2,0,1,0,1,0,0.36,48,1,1,22,5,2,1,1,3,3,13
223,0,2,3,0,0,0,0,0,0,0,1,1,22,5,2,1,1,3,3,13
231,0,3,1,1,0,0,0,1,0.49,91,1,1,22,5,2,1,1,3,3,13
232,1,3,2,0,1,0,0,1,0.36,48,1,1,22,5,2,1,1,3,3,13
233,0,3,3,0,0,0,0,0,0,0,1,1,22,5,2,1,1,3,3,13
241,0,4,1,1,0,0,0,1,1.68,26,1,1,22,5,2,1,1,3,3,13
242,1,4,2,0,1,0,1,0,0.36,57,1,1,22,5,2,1,1,3,3,13
243,0,4,3,0,0,0,0,0,0,0,1,1,22,5,2,1,1,3,3,13
251,0,5,1,1,0,1,1,0,3.09,26,1,1,22,5,2,1,1,3,3,13
252,1,5,2,0,1,0,1,0,1.06,20,1,1,22,5,2,1,1,3,3,13
253,0,5,3,0,0,0,0,0,0,0,1,1,22,5,2,1,1,3,3,13
261,0,6,1,1,0,0,0,1,1.68,91,1,1,22,5,2,1,1,3,3,13
262,1,6,2,0,1,1,0,0,1.06,20,1,1,22,5,2,1,1,3,3,13
263,0,6,3,0,0,0,0,0,0,0,1,1,22,5,2,1,1,3,3,13
271,0,7,1,1,0,1,0,0,1.68,167,1,1,22,5,2,1,1,3,3,13
272,1,7,2,0,1,1,0,0,0.89,57,1,1,22,5,2,1,1,3,3,13
273,0,7,3,0,0,0,0,0,0,0,1,1,22,5,2,1,1,3,3,13
281,0,8,1,1,0,0,1,0,0.49,26,1,1,22,5,2,1,1,3,3,13
282,1,8,2,0,1,0,0,1,0.89,57,1,1,22,5,2,1,1,3,3,13
283,0,8,3,0,0,0,0,0,0,0,1,1,22,5,2,1,1,3,3,13
291,0,9,1,1,0,0,1,0,0.49,167,1,1,22,5,2,1,1,3,3,13
292,1,9,2,0,1,1,0,0,1.06,48,1,1,22,5,2,1,1,3,3,13
293,0,9,3,0,0,0,0,0,0,0,1,1,22,5,2,1,1,3,3,13
111,0,1,1,1,0,0,1,0,1.68,91,1,1,24,5,1,6,1,3,2,14
112,0,1,2,0,1,0,1,0,0.89,48,1,1,24,5,1,6,1,3,2,14
113,1,1,3,0,0,0,0,0,0,0,1,1,24,5,1,6,1,3,2,14
121,0,2,1,1,0,1,0,0,1.68,26,1,1,24,5,1,6,1,3,2,14
122,0,2,2,0,1,0,0,1,1.06,48,1,1,24,5,1,6,1,3,2,14
123,1,2,3,0,0,0,0,0,0,0,1,1,24,5,1,6,1,3,2,14
131,0,3,1,1,0,0,1,0,1.68,167,1,1,24,5,1,6,1,3,2,14
132,1,3,2,0,1,0,0,1,0.36,20,1,1,24,5,1,6,1,3,2,14
133,0,3,3,0,0,0,0,0,0,0,1,1,24,5,1,6,1,3,2,14
141,0,4,1,1,0,0,0,1,3.09,26,1,1,24,5,1,6,1,3,2,14
142,0,4,2,0,1,1,0,0,0.89,48,1,1,24,5,1,6,1,3,2,14
143,1,4,3,0,0,0,0,0,0,0,1,1,24,5,1,6,1,3,2,14
151,0,5,1,1,0,1,0,0,0.49,91,1,1,24,5,1,6,1,3,2,14
152,0,5,2,0,1,0,1,0,1.06,57,1,1,24,5,1,6,1,3,2,14
153,1,5,3,0,0,0,0,0,0,0,1,1,24,5,1,6,1,3,2,14
161,0,6,1,1,0,0,0,1,0.49,167,1,1,24,5,1,6,1,3,2,14
162,0,6,2,0,1,0,1,0,0.89,20,1,1,24,5,1,6,1,3,2,14
163,1,6,3,0,0,0,0,0,0,0,1,1,24,5,1,6,1,3,2,14
171,0,7,1,1,0,0,0,1,3.09,167,1,1,24,5,1,6,1,3,2,14
172,0,7,2,0,1,0,0,1,1.06,57,1,1,24,5,1,6,1,3,2,14
173,1,7,3,0,0,0,0,0,0,0,1,1,24,5,1,6,1,3,2,14
181,0,8,1,1,0,1,0,0,0.49,26,1,1,24,5,1,6,1,3,2,14
182,1,8,2,0,1,1,0,0,0.36,20,1,1,24,5,1,6,1,3,2,14
183,0,8,3,0,0,0,0,0,0,0,1,1,24,5,1,6,1,3,2,14
191,0,9,1,1,0,0,1,0,3.09,91,1,1,24,5,1,6,1,3,2,14
192,0,9,2,0,1,1,0,0,0.36,57,1,1,24,5,1,6,1,3,2,14
193,1,9,3,0,0,0,0,0,0,0,1,1,24,5,1,6,1,3,2,14
211,1,1,1,1,0,1,0,0,3.09,91,1,1,18,3,2,6,2,1,1,15
212,0,1,2,0,1,0,0,1,0.89,20,1,1,18,3,2,6,2,1,1,15
213,0,1,3,0,0,0,0,0,0,0,1,1,18,3,2,6,2,1,1,15
221,1,2,1,1,0,1,0,0,3.09,26,1,1,18,3,2,6,2,1,1,15
222,0,2,2,0,1,0,1,0,0.36,48,1,1,18,3,2,6,2,1,1,15
223,0,2,3,0,0,0,0,0,0,0,1,1,18,3,2,6,2,1,1,15
231,0,3,1,1,0,0,0,1,0.49,91,1,1,18,3,2,6,2,1,1,15
232,1,3,2,0,1,0,0,1,0.36,48,1,1,18,3,2,6,2,1,1,15
233,0,3,3,0,0,0,0,0,0,0,1,1,18,3,2,6,2,1,1,15
241,1,4,1,1,0,0,0,1,1.68,26,1,1,18,3,2,6,2,1,1,15
242,0,4,2,0,1,0,1,0,0.36,57,1,1,18,3,2,6,2,1,1,15
243,0,4,3,0,0,0,0,0,0,0,1,1,18,3,2,6,2,1,1,15
251,1,5,1,1,0,1,1,0,3.09,26,1,1,18,3,2,6,2,1,1,15
252,0,5,2,0,1,0,1,0,1.06,20,1,1,18,3,2,6,2,1,1,15
253,0,5,3,0,0,0,0,0,0,0,1,1,18,3,2,6,2,1,1,15
261,0,6,1,1,0,0,0,1,1.68,91,1,1,18,3,2,6,2,1,1,15
262,1,6,2,0,1,1,0,0,1.06,20,1,1,18,3,2,6,2,1,1,15
263,0,6,3,0,0,0,0,0,0,0,1,1,18,3,2,6,2,1,1,15
271,0,7,1,1,0,1,0,0,1.68,167,1,1,18,3,2,6,2,1,1,15
272,1,7,2,0,1,1,0,0,0.89,57,1,1,18,3,2,6,2,1,1,15
273,0,7,3,0,0,0,0,0,0,0,1,1,18,3,2,6,2,1,1,15
281,0,8,1,1,0,0,1,0,0.49,26,1,1,18,3,2,6,2,1,1,15
282,1,8,2,0,1,0,0,1,0.89,57,1,1,18,3,2,6,2,1,1,15
283,0,8,3,0,0,0,0,0,0,0,1,1,18,3,2,6,2,1,1,15
291,0,9,1,1,0,0,1,0,0.49,167,1,1,18,3,2,6,2,1,1,15
292,1,9,2,0,1,1,0,0,1.06,48,1,1,18,3,2,6,2,1,1,15
293,0,9,3,0,0,0,0,0,0,0,1,1,18,3,2,6,2,1,1,15
211,0,1,1,1,0,1,0,0,3.09,91,1,1,21,3,1,6,1,3,3,16
212,1,1,2,0,1,0,0,1,0.89,20,1,1,21,3,1,6,1,3,3,16
213,0,1,3,0,0,0,0,0,0,0,1,1,21,3,1,6,1,3,3,16
221,1,2,1,1,0,1,0,0,3.09,26,1,1,21,3,1,6,1,3,3,16
222,0,2,2,0,1,0,1,0,0.36,48,1,1,21,3,1,6,1,3,3,16
223,0,2,3,0,0,0,0,0,0,0,1,1,21,3,1,6,1,3,3,16
231,0,3,1,1,0,0,0,1,0.49,91,1,1,21,3,1,6,1,3,3,16
232,1,3,2,0,1,0,0,1,0.36,48,1,1,21,3,1,6,1,3,3,16
233,0,3,3,0,0,0,0,0,0,0,1,1,21,3,1,6,1,3,3,16
241,1,4,1,1,0,0,0,1,1.68,26,1,1,21,3,1,6,1,3,3,16
242,0,4,2,0,1,0,1,0,0.36,57,1,1,21,3,1,6,1,3,3,16
243,0,4,3,0,0,0,0,0,0,0,1,1,21,3,1,6,1,3,3,16
251,0,5,1,1,0,1,1,0,3.09,26,1,1,21,3,1,6,1,3,3,16
252,1,5,2,0,1,0,1,0,1.06,20,1,1,21,3,1,6,1,3,3,16
253,0,5,3,0,0,0,0,0,0,0,1,1,21,3,1,6,1,3,3,16
261,1,6,1,1,0,0,0,1,1.68,91,1,1,21,3,1,6,1,3,3,16
262,0,6,2,0,1,1,0,0,1.06,20,1,1,21,3,1,6,1,3,3,16
263,0,6,3,0,0,0,0,0,0,0,1,1,21,3,1,6,1,3,3,16
271,0,7,1,1,0,1,0,0,1.68,167,1,1,21,3,1,6,1,3,3,16
272,1,7,2,0,1,1,0,0,0.89,57,1,1,21,3,1,6,1,3,3,16
273,0,7,3,0,0,0,0,0,0,0,1,1,21,3,1,6,1,3,3,16
281,0,8,1,1,0,0,1,0,0.49,26,1,1,21,3,1,6,1,3,3,16
282,1,8,2,0,1,0,0,1,0.89,57,1,1,21,3,1,6,1,3,3,16
283,0,8,3,0,0,0,0,0,0,0,1,1,21,3,1,6,1,3,3,16
291,0,9,1,1,0,0,1,0,0.49,167,1,1,21,3,1,6,1,3,3,16
292,1,9,2,0,1,1,0,0,1.06,48,1,1,21,3,1,6,1,3,3,16
293,0,9,3,0,0,0,0,0,0,0,1,1,21,3,1,6,1,3,3,16
111,0,1,1,1,0,0,1,0,1.68,91,1,2,30,3,2,6,2,1,1,17
112,0,1,2,0,1,0,1,0,0.89,48,1,2,30,3,2,6,2,1,1,17
113,1,1,3,0,0,0,0,0,0,0,1,2,30,3,2,6,2,1,1,17
121,0,2,1,1,0,1,0,0,1.68,26,1,2,30,3,2,6,2,1,1,17
122,1,2,2,0,1,0,0,1,1.06,48,1,2,30,3,2,6,2,1,1,17
123,0,2,3,0,0,0,0,0,0,0,1,2,30,3,2,6,2,1,1,17
131,0,3,1,1,0,0,1,0,1.68,167,1,2,30,3,2,6,2,1,1,17
132,1,3,2,0,1,0,0,1,0.36,20,1,2,30,3,2,6,2,1,1,17
133,0,3,3,0,0,0,0,0,0,0,1,2,30,3,2,6,2,1,1,17
141,1,4,1,1,0,0,0,1,3.09,26,1,2,30,3,2,6,2,1,1,17
142,0,4,2,0,1,1,0,0,0.89,48,1,2,30,3,2,6,2,1,1,17
143,0,4,3,0,0,0,0,0,0,0,1,2,30,3,2,6,2,1,1,17
151,1,5,1,1,0,1,0,0,0.49,91,1,2,30,3,2,6,2,1,1,17
152,0,5,2,0,1,0,1,0,1.06,57,1,2,30,3,2,6,2,1,1,17
153,0,5,3,0,0,0,0,0,0,0,1,2,30,3,2,6,2,1,1,17
161,1,6,1,1,0,0,0,1,0.49,167,1,2,30,3,2,6,2,1,1,17
162,0,6,2,0,1,0,1,0,0.89,20,1,2,30,3,2,6,2,1,1,17
163,0,6,3,0,0,0,0,0,0,0,1,2,30,3,2,6,2,1,1,17
171,0,7,1,1,0,0,0,1,3.09,167,1,2,30,3,2,6,2,1,1,17
172,1,7,2,0,1,0,0,1,1.06,57,1,2,30,3,2,6,2,1,1,17
173,0,7,3,0,0,0,0,0,0,0,1,2,30,3,2,6,2,1,1,17
181,0,8,1,1,0,1,0,0,0.49,26,1,2,30,3,2,6,2,1,1,17
182,1,8,2,0,1,1,0,0,0.36,20,1,2,30,3,2,6,2,1,1,17
183,0,8,3,0,0,0,0,0,0,0,1,2,30,3,2,6,2,1,1,17
191,0,9,1,1,0,0,1,0,3.09,91,1,2,30,3,2,6,2,1,1,17
192,1,9,2,0,1,1,0,0,0.36,57,1,2,30,3,2,6,2,1,1,17
193,0,9,3,0,0,0,0,0,0,0,1,2,30,3,2,6,2,1,1,17
111,1,1,1,1,0,0,1,0,1.68,91,0,1,18,3,2,1,2,1,1,18
112,0,1,2,0,1,0,1,0,0.89,48,0,1,18,3,2,1,2,1,1,18
113,0,1,3,0,0,0,0,0,0,0,0,1,18,3,2,1,2,1,1,18
121,1,2,1,1,0,1,0,0,1.68,26,0,1,18,3,2,1,2,1,1,18
122,0,2,2,0,1,0,0,1,1.06,48,0,1,18,3,2,1,2,1,1,18
123,0,2,3,0,0,0,0,0,0,0,0,1,18,3,2,1,2,1,1,18
131,1,3,1,1,0,0,1,0,1.68,167,0,1,18,3,2,1,2,1,1,18
132,0,3,2,0,1,0,0,1,0.36,20,0,1,18,3,2,1,2,1,1,18
133,0,3,3,0,0,0,0,0,0,0,0,1,18,3,2,1,2,1,1,18
141,0,4,1,1,0,0,0,1,3.09,26,0,1,18,3,2,1,2,1,1,18
142,1,4,2,0,1,1,0,0,0.89,48,0,1,18,3,2,1,2,1,1,18
143,0,4,3,0,0,0,0,0,0,0,0,1,18,3,2,1,2,1,1,18
151,0,5,1,1,0,1,0,0,0.49,91,0,1,18,3,2,1,2,1,1,18
152,1,5,2,0,1,0,1,0,1.06,57,0,1,18,3,2,1,2,1,1,18
153,0,5,3,0,0,0,0,0,0,0,0,1,18,3,2,1,2,1,1,18
161,0,6,1,1,0,0,0,1,0.49,167,0,1,18,3,2,1,2,1,1,18
162,1,6,2,0,1,0,1,0,0.89,20,0,1,18,3,2,1,2,1,1,18
163,0,6,3,0,0,0,0,0,0,0,0,1,18,3,2,1,2,1,1,18
171,0,7,1,1,0,0,0,1,3.09,167,0,1,18,3,2,1,2,1,1,18
172,1,7,2,0,1,0,0,1,1.06,57,0,1,18,3,2,1,2,1,1,18
173,0,7,3,0,0,0,0,0,0,0,0,1,18,3,2,1,2,1,1,18
181,1,8,1,1,0,1,0,0,0.49,26,0,1,18,3,2,1,2,1,1,18
182,0,8,2,0,1,1,0,0,0.36,20,0,1,18,3,2,1,2,1,1,18
183,0,8,3,0,0,0,0,0,0,0,0,1,18,3,2,1,2,1,1,18
191,1,9,1,1,0,0,1,0,3.09,91,0,1,18,3,2,1,2,1,1,18
192,0,9,2,0,1,1,0,0,0.36,57,0,1,18,3,2,1,2,1,1,18
193,0,9,3,0,0,0,0,0,0,0,0,1,18,3,2,1,2,1,1,18
211,0,1,1,1,0,1,0,0,3.09,91,1,1,24,5,3,6,1,4,8,19
212,1,1,2,0,1,0,0,1,0.89,20,1,1,24,5,3,6,1,4,8,19
213,0,1,3,0,0,0,0,0,0,0,1,1,24,5,3,6,1,4,8,19
221,1,2,1,1,0,1,0,0,3.09,26,1,1,24,5,3,6,1,4,8,19
222,0,2,2,0,1,0,1,0,0.36,48,1,1,24,5,3,6,1,4,8,19
223,0,2,3,0,0,0,0,0,0,0,1,1,24,5,3,6,1,4,8,19
231,0,3,1,1,0,0,0,1,0.49,91,1,1,24,5,3,6,1,4,8,19
232,1,3,2,0,1,0,0,1,0.36,48,1,1,24,5,3,6,1,4,8,19
233,0,3,3,0,0,0,0,0,0,0,1,1,24,5,3,6,1,4,8,19
241,1,4,1,1,0,0,0,1,1.68,26,1,1,24,5,3,6,1,4,8,19
242,0,4,2,0,1,0,1,0,0.36,57,1,1,24,5,3,6,1,4,8,19
243,0,4,3,0,0,0,0,0,0,0,1,1,24,5,3,6,1,4,8,19
251,1,5,1,1,0,1,1,0,3.09,26,1,1,24,5,3,6,1,4,8,19
252,0,5,2,0,1,0,1,0,1.06,20,1,1,24,5,3,6,1,4,8,19
253,0,5,3,0,0,0,0,0,0,0,1,1,24,5,3,6,1,4,8,19
261,0,6,1,1,0,0,0,1,1.68,91,1,1,24,5,3,6,1,4,8,19
262,1,6,2,0,1,1,0,0,1.06,20,1,1,24,5,3,6,1,4,8,19
263,0,6,3,0,0,0,0,0,0,0,1,1,24,5,3,6,1,4,8,19
271,0,7,1,1,0,1,0,0,1.68,167,1,1,24,5,3,6,1,4,8,19
272,1,7,2,0,1,1,0,0,0.89,57,1,1,24,5,3,6,1,4,8,19
273,0,7,3,0,0,0,0,0,0,0,1,1,24,5,3,6,1,4,8,19
281,0,8,1,1,0,0,1,0,0.49,26,1,1,24,5,3,6,1,4,8,19
282,1,8,2,0,1,0,0,1,0.89,57,1,1,24,5,3,6,1,4,8,19
283,0,8,3,0,0,0,0,0,0,0,1,1,24,5,3,6,1,4,8,19
291,0,9,1,1,0,0,1,0,0.49,167,1,1,24,5,3,6,1,4,8,19
292,1,9,2,0,1,1,0,0,1.06,48,1,1,24,5,3,6,1,4,8,19
293,0,9,3,0,0,0,0,0,0,0,1,1,24,5,3,6,1,4,8,19
111,0,1,1,1,0,0,1,0,1.68,91,1,1,20,3,2,6,2,6,5,20
112,1,1,2,0,1,0,1,0,0.89,48,1,1,20,3,2,6,2,6,5,20
113,0,1,3,0,0,0,0,0,0,0,1,1,20,3,2,6,2,6,5,20
121,0,2,1,1,0,1,0,0,1.68,26,1,1,20,3,2,6,2,6,5,20
122,1,2,2,0,1,0,0,1,1.06,48,1,1,20,3,2,6,2,6,5,20
123,0,2,3,0,0,0,0,0,0,0,1,1,20,3,2,6,2,6,5,20
131,0,3,1,1,0,0,1,0,1.68,167,1,1,20,3,2,6,2,6,5,20
132,1,3,2,0,1,0,0,1,0.36,20,1,1,20,3,2,6,2,6,5,20
133,0,3,3,0,0,0,0,0,0,0,1,1,20,3,2,6,2,6,5,20
141,0,4,1,1,0,0,0,1,3.09,26,1,1,20,3,2,6,2,6,5,20
142,1,4,2,0,1,1,0,0,0.89,48,1,1,20,3,2,6,2,6,5,20
143,0,4,3,0,0,0,0,0,0,0,1,1,20,3,2,6,2,6,5,20
151,1,5,1,1,0,1,0,0,0.49,91,1,1,20,3,2,6,2,6,5,20
152,0,5,2,0,1,0,1,0,1.06,57,1,1,20,3,2,6,2,6,5,20
153,0,5,3,0,0,0,0,0,0,0,1,1,20,3,2,6,2,6,5,20
161,1,6,1,1,0,0,0,1,0.49,167,1,1,20,3,2,6,2,6,5,20
162,0,6,2,0,1,0,1,0,0.89,20,1,1,20,3,2,6,2,6,5,20
163,0,6,3,0,0,0,0,0,0,0,1,1,20,3,2,6,2,6,5,20
171,0,7,1,1,0,0,0,1,3.09,167,1,1,20,3,2,6,2,6,5,20
172,1,7,2,0,1,0,0,1,1.06,57,1,1,20,3,2,6,2,6,5,20
173,0,7,3,0,0,0,0,0,0,0,1,1,20,3,2,6,2,6,5,20
181,0,8,1,1,0,1,0,0,0.49,26,1,1,20,3,2,6,2,6,5,20
182,1,8,2,0,1,1,0,0,0.36,20,1,1,20,3,2,6,2,6,5,20
183,0,8,3,0,0,0,0,0,0,0,1,1,20,3,2,6,2,6,5,20
191,0,9,1,1,0,0,1,0,3.09,91,1,1,20,3,2,6,2,6,5,20
192,1,9,2,0,1,1,0,0,0.36,57,1,1,20,3,2,6,2,6,5,20
193,0,9,3,0,0,0,0,0,0,0,1,1,20,3,2,6,2,6,5,20
211,1,1,1,1,0,1,0,0,3.09,91,1,2,30,6,1,1,1,2,0,21
212,0,1,2,0,1,0,0,1,0.89,20,1,2,30,6,1,1,1,2,0,21
213,0,1,3,0,0,0,0,0,0,0,1,2,30,6,1,1,1,2,0,21
221,1,2,1,1,0,1,0,0,3.09,26,1,2,30,6,1,1,1,2,0,21
222,0,2,2,0,1,0,1,0,0.36,48,1,2,30,6,1,1,1,2,0,21
223,0,2,3,0,0,0,0,0,0,0,1,2,30,6,1,1,1,2,0,21
231,1,3,1,1,0,0,0,1,0.49,91,1,2,30,6,1,1,1,2,0,21
232,0,3,2,0,1,0,0,1,0.36,48,1,2,30,6,1,1,1,2,0,21
233,0,3,3,0,0,0,0,0,0,0,1,2,30,6,1,1,1,2,0,21
241,0,4,1,1,0,0,0,1,1.68,26,1,2,30,6,1,1,1,2,0,21
242,1,4,2,0,1,0,1,0,0.36,57,1,2,30,6,1,1,1,2,0,21
243,0,4,3,0,0,0,0,0,0,0,1,2,30,6,1,1,1,2,0,21
251,1,5,1,1,0,1,1,0,3.09,26,1,2,30,6,1,1,1,2,0,21
252,0,5,2,0,1,0,1,0,1.06,20,1,2,30,6,1,1,1,2,0,21
253,0,5,3,0,0,0,0,0,0,0,1,2,30,6,1,1,1,2,0,21
261,0,6,1,1,0,0,0,1,1.68,91,1,2,30,6,1,1,1,2,0,21
262,1,6,2,0,1,1,0,0,1.06,20,1,2,30,6,1,1,1,2,0,21
263,0,6,3,0,0,0,0,0,0,0,1,2,30,6,1,1,1,2,0,21
271,1,7,1,1,0,1,0,0,1.68,167,1,2,30,6,1,1,1,2,0,21
272,0,7,2,0,1,1,0,0,0.89,57,1,2,30,6,1,1,1,2,0,21
273,0,7,3,0,0,0,0,0,0,0,1,2,30,6,1,1,1,2,0,21
281,1,8,1,1,0,0,1,0,0.49,26,1,2,30,6,1,1,1,2,0,21
282,0,8,2,0,1,0,0,1,0.89,57,1,2,30,6,1,1,1,2,0,21
283,0,8,3,0,0,0,0,0,0,0,1,2,30,6,1,1,1,2,0,21
291,1,9,1,1,0,0,1,0,0.49,167,1,2,30,6,1,1,1,2,0,21
292,0,9,2,0,1,1,0,0,1.06,48,1,2,30,6,1,1,1,2,0,21
293,0,9,3,0,0,0,0,0,0,0,1,2,30,6,1,1,1,2,0,21
111,0,1,1,1,0,0,1,0,1.68,91,1,3,40,5,3,1,2,2,9,22
112,1,1,2,0,1,0,1,0,0.89,48,1,3,40,5,3,1,2,2,9,22
113,0,1,3,0,0,0,0,0,0,0,1,3,40,5,3,1,2,2,9,22
121,0,2,1,1,0,1,0,0,1.68,26,1,3,40,5,3,1,2,2,9,22
122,1,2,2,0,1,0,0,1,1.06,48,1,3,40,5,3,1,2,2,9,22
123,0,2,3,0,0,0,0,0,0,0,1,3,40,5,3,1,2,2,9,22
131,0,3,1,1,0,0,1,0,1.68,167,1,3,40,5,3,1,2,2,9,22
132,1,3,2,0,1,0,0,1,0.36,20,1,3,40,5,3,1,2,2,9,22
133,0,3,3,0,0,0,0,0,0,0,1,3,40,5,3,1,2,2,9,22
141,1,4,1,1,0,0,0,1,3.09,26,1,3,40,5,3,1,2,2,9,22
142,0,4,2,0,1,1,0,0,0.89,48,1,3,40,5,3,1,2,2,9,22
143,0,4,3,0,0,0,0,0,0,0,1,3,40,5,3,1,2,2,9,22
151,0,5,1,1,0,1,0,0,0.49,91,1,3,40,5,3,1,2,2,9,22
152,1,5,2,0,1,0,1,0,1.06,57,1,3,40,5,3,1,2,2,9,22
153,0,5,3,0,0,0,0,0,0,0,1,3,40,5,3,1,2,2,9,22
161,1,6,1,1,0,0,0,1,0.49,167,1,3,40,5,3,1,2,2,9,22
162,0,6,2,0,1,0,1,0,0.89,20,1,3,40,5,3,1,2,2,9,22
163,0,6,3,0,0,0,0,0,0,0,1,3,40,5,3,1,2,2,9,22
171,1,7,1,1,0,0,0,1,3.09,167,1,3,40,5,3,1,2,2,9,22
172,0,7,2,0,1,0,0,1,1.06,57,1,3,40,5,3,1,2,2,9,22
173,0,7,3,0,0,0,0,0,0,0,1,3,40,5,3,1,2,2,9,22
181,0,8,1,1,0,1,0,0,0.49,26,1,3,40,5,3,1,2,2,9,22
182,1,8,2,0,1,1,0,0,0.36,20,1,3,40,5,3,1,2,2,9,22
183,0,8,3,0,0,0,0,0,0,0,1,3,40,5,3,1,2,2,9,22
191,1,9,1,1,0,0,1,0,3.09,91,1,3,40,5,3,1,2,2,9,22
192,0,9,2,0,1,1,0,0,0.36,57,1,3,40,5,3,1,2,2,9,22
193,0,9,3,0,0,0,0,0,0,0,1,3,40,5,3,1,2,2,9,22
211,0,1,1,1,0,1,0,0,3.09,91,1,4,50,4,3,6,1,3,0,23
212,1,1,2,0,1,0,0,1,0.89,20,1,4,50,4,3,6,1,3,0,23
213,0,1,3,0,0,0,0,0,0,0,1,4,50,4,3,6,1,3,0,23
221,0,2,1,1,0,1,0,0,3.09,26,1,4,50,4,3,6,1,3,0,23
222,1,2,2,0,1,0,1,0,0.36,48,1,4,50,4,3,6,1,3,0,23
223,0,2,3,0,0,0,0,0,0,0,1,4,50,4,3,6,1,3,0,23
231,1,3,1,1,0,0,0,1,0.49,91,1,4,50,4,3,6,1,3,0,23
232,0,3,2,0,1,0,0,1,0.36,48,1,4,50,4,3,6,1,3,0,23
233,0,3,3,0,0,0,0,0,0,0,1,4,50,4,3,6,1,3,0,23
241,1,4,1,1,0,0,0,1,1.68,26,1,4,50,4,3,6,1,3,0,23
242,0,4,2,0,1,0,1,0,0.36,57,1,4,50,4,3,6,1,3,0,23
243,0,4,3,0,0,0,0,0,0,0,1,4,50,4,3,6,1,3,0,23
251,1,5,1,1,0,1,1,0,3.09,26,1,4,50,4,3,6,1,3,0,23
252,0,5,2,0,1,0,1,0,1.06,20,1,4,50,4,3,6,1,3,0,23
253,0,5,3,0,0,0,0,0,0,0,1,4,50,4,3,6,1,3,0,23
261,1,6,1,1,0,0,0,1,1.68,91,1,4,50,4,3,6,1,3,0,23
262,0,6,2,0,1,1,0,0,1.06,20,1,4,50,4,3,6,1,3,0,23
263,0,6,3,0,0,0,0,0,0,0,1,4,50,4,3,6,1,3,0,23
271,0,7,1,1,0,1,0,0,1.68,167,1,4,50,4,3,6,1,3,0,23
272,1,7,2,0,1,1,0,0,0.89,57,1,4,50,4,3,6,1,3,0,23
273,0,7,3,0,0,0,0,0,0,0,1,4,50,4,3,6,1,3,0,23
281,0,8,1,1,0,0,1,0,0.49,26,1,4,50,4,3,6,1,3,0,23
282,1,8,2,0,1,0,0,1,0.89,57,1,4,50,4,3,6,1,3,0,23
283,0,8,3,0,0,0,0,0,0,0,1,4,50,4,3,6,1,3,0,23
291,1,9,1,1,0,0,1,0,0.49,167,1,4,50,4,3,6,1,3,0,23
292,0,9,2,0,1,1,0,0,1.06,48,1,4,50,4,3,6,1,3,0,23
293,0,9,3,0,0,0,0,0,0,0,1,4,50,4,3,6,1,3,0,23
211,0,1,1,1,0,1,0,0,3.09,91,0,1,20,3,2,6,2,1,1,24
212,1,1,2,0,1,0,0,1,0.89,20,0,1,20,3,2,6,2,1,1,24
213,0,1,3,0,0,0,0,0,0,0,0,1,20,3,2,6,2,1,1,24
221,0,2,1,1,0,1,0,0,3.09,26,0,1,20,3,2,6,2,1,1,24
222,1,2,2,0,1,0,1,0,0.36,48,0,1,20,3,2,6,2,1,1,24
223,0,2,3,0,0,0,0,0,0,0,0,1,20,3,2,6,2,1,1,24
231,0,3,1,1,0,0,0,1,0.49,91,0,1,20,3,2,6,2,1,1,24
232,1,3,2,0,1,0,0,1,0.36,48,0,1,20,3,2,6,2,1,1,24
233,0,3,3,0,0,0,0,0,0,0,0,1,20,3,2,6,2,1,1,24
241,0,4,1,1,0,0,0,1,1.68,26,0,1,20,3,2,6,2,1,1,24
242,1,4,2,0,1,0,1,0,0.36,57,0,1,20,3,2,6,2,1,1,24
243,0,4,3,0,0,0,0,0,0,0,0,1,20,3,2,6,2,1,1,24
251,1,5,1,1,0,1,1,0,3.09,26,0,1,20,3,2,6,2,1,1,24
252,0,5,2,0,1,0,1,0,1.06,20,0,1,20,3,2,6,2,1,1,24
253,0,5,3,0,0,0,0,0,0,0,0,1,20,3,2,6,2,1,1,24
261,1,6,1,1,0,0,0,1,1.68,91,0,1,20,3,2,6,2,1,1,24
262,0,6,2,0,1,1,0,0,1.06,20,0,1,20,3,2,6,2,1,1,24
263,0,6,3,0,0,0,0,0,0,0,0,1,20,3,2,6,2,1,1,24
271,1,7,1,1,0,1,0,0,1.68,167,0,1,20,3,2,6,2,1,1,24
272,0,7,2,0,1,1,0,0,0.89,57,0,1,20,3,2,6,2,1,1,24
273,0,7,3,0,0,0,0,0,0,0,0,1,20,3,2,6,2,1,1,24
281,0,8,1,1,0,0,1,0,0.49,26,0,1,20,3,2,6,2,1,1,24
282,1,8,2,0,1,0,0,1,0.89,57,0,1,20,3,2,6,2,1,1,24
283,0,8,3,0,0,0,0,0,0,0,0,1,20,3,2,6,2,1,1,24
291,1,9,1,1,0,0,1,0,0.49,167,0,1,20,3,2,6,2,1,1,24
292,0,9,2,0,1,1,0,0,1.06,48,0,1,20,3,2,6,2,1,1,24
293,0,9,3,0,0,0,0,0,0,0,0,1,20,3,2,6,2,1,1,24
111,0,1,1,1,0,0,1,0,1.68,91,0,2,25,3,2,1,2,1,2,25
112,1,1,2,0,1,0,1,0,0.89,48,0,2,25,3,2,1,2,1,2,25
113,0,1,3,0,0,0,0,0,0,0,0,2,25,3,2,1,2,1,2,25
121,0,2,1,1,0,1,0,0,1.68,26,0,2,25,3,2,1,2,1,2,25
122,1,2,2,0,1,0,0,1,1.06,48,0,2,25,3,2,1,2,1,2,25
123,0,2,3,0,0,0,0,0,0,0,0,2,25,3,2,1,2,1,2,25
131,0,3,1,1,0,0,1,0,1.68,167,0,2,25,3,2,1,2,1,2,25
132,1,3,2,0,1,0,0,1,0.36,20,0,2,25,3,2,1,2,1,2,25
133,0,3,3,0,0,0,0,0,0,0,0,2,25,3,2,1,2,1,2,25
141,1,4,1,1,0,0,0,1,3.09,26,0,2,25,3,2,1,2,1,2,25
142,0,4,2,0,1,1,0,0,0.89,48,0,2,25,3,2,1,2,1,2,25
143,0,4,3,0,0,0,0,0,0,0,0,2,25,3,2,1,2,1,2,25
151,0,5,1,1,0,1,0,0,0.49,91,0,2,25,3,2,1,2,1,2,25
152,1,5,2,0,1,0,1,0,1.06,57,0,2,25,3,2,1,2,1,2,25
153,0,5,3,0,0,0,0,0,0,0,0,2,25,3,2,1,2,1,2,25
161,1,6,1,1,0,0,0,1,0.49,167,0,2,25,3,2,1,2,1,2,25
162,0,6,2,0,1,0,1,0,0.89,20,0,2,25,3,2,1,2,1,2,25
163,0,6,3,0,0,0,0,0,0,0,0,2,25,3,2,1,2,1,2,25
171,1,7,1,1,0,0,0,1,3.09,167,0,2,25,3,2,1,2,1,2,25
172,0,7,2,0,1,0,0,1,1.06,57,0,2,25,3,2,1,2,1,2,25
173,0,7,3,0,0,0,0,0,0,0,0,2,25,3,2,1,2,1,2,25
181,1,8,1,1,0,1,0,0,0.49,26,0,2,25,3,2,1,2,1,2,25
182,0,8,2,0,1,1,0,0,0.36,20,0,2,25,3,2,1,2,1,2,25
183,0,8,3,0,0,0,0,0,0,0,0,2,25,3,2,1,2,1,2,25
191,1,9,1,1,0,0,1,0,3.09,91,0,2,25,3,2,1,2,1,2,25
192,0,9,2,0,1,1,0,0,0.36,57,0,2,25,3,2,1,2,1,2,25
193,0,9,3,0,0,0,0,0,0,0,0,2,25,3,2,1,2,1,2,25
211,0,1,1,1,0,1,0,0,3.09,91,0,6,69,4,1,1,1,2,11,26
212,1,1,2,0,1,0,0,1,0.89,20,0,6,69,4,1,1,1,2,11,26
213,0,1,3,0,0,0,0,0,0,0,0,6,69,4,1,1,1,2,11,26
221,0,2,1,1,0,1,0,0,3.09,26,0,6,69,4,1,1,1,2,11,26
222,1,2,2,0,1,0,1,0,0.36,48,0,6,69,4,1,1,1,2,11,26
223,0,2,3,0,0,0,0,0,0,0,0,6,69,4,1,1,1,2,11,26
231,0,3,1,1,0,0,0,1,0.49,91,0,6,69,4,1,1,1,2,11,26
232,1,3,2,0,1,0,0,1,0.36,48,0,6,69,4,1,1,1,2,11,26
233,0,3,3,0,0,0,0,0,0,0,0,6,69,4,1,1,1,2,11,26
241,0,4,1,1,0,0,0,1,1.68,26,0,6,69,4,1,1,1,2,11,26
242,1,4,2,0,1,0,1,0,0.36,57,0,6,69,4,1,1,1,2,11,26
243,0,4,3,0,0,0,0,0,0,0,0,6,69,4,1,1,1,2,11,26
251,0,5,1,1,0,1,1,0,3.09,26,0,6,69,4,1,1,1,2,11,26
252,1,5,2,0,1,0,1,0,1.06,20,0,6,69,4,1,1,1,2,11,26
253,0,5,3,0,0,0,0,0,0,0,0,6,69,4,1,1,1,2,11,26
261,0,6,1,1,0,0,0,1,1.68,91,0,6,69,4,1,1,1,2,11,26
262,1,6,2,0,1,1,0,0,1.06,20,0,6,69,4,1,1,1,2,11,26
263,0,6,3,0,0,0,0,0,0,0,0,6,69,4,1,1,1,2,11,26
271,0,7,1,1,0,1,0,0,1.68,167,0,6,69,4,1,1,1,2,11,26
272,1,7,2,0,1,1,0,0,0.89,57,0,6,69,4,1,1,1,2,11,26
273,0,7,3,0,0,0,0,0,0,0,0,6,69,4,1,1,1,2,11,26
281,0,8,1,1,0,0,1,0,0.49,26,0,6,69,4,1,1,1,2,11,26
282,1,8,2,0,1,0,0,1,0.89,57,0,6,69,4,1,1,1,2,11,26
283,0,8,3,0,0,0,0,0,0,0,0,6,69,4,1,1,1,2,11,26
291,0,9,1,1,0,0,1,0,0.49,167,0,6,69,4,1,1,1,2,11,26
292,1,9,2,0,1,1,0,0,1.06,48,0,6,69,4,1,1,1,2,11,26
293,0,9,3,0,0,0,0,0,0,0,0,6,69,4,1,1,1,2,11,26
111,1,1,1,1,0,0,1,0,1.68,91,1,2,26,4,2,6,1,3,2,27
112,0,1,2,0,1,0,1,0,0.89,48,1,2,26,4,2,6,1,3,2,27
113,0,1,3,0,0,0,0,0,0,0,1,2,26,4,2,6,1,3,2,27
121,1,2,1,1,0,1,0,0,1.68,26,1,2,26,4,2,6,1,3,2,27
122,0,2,2,0,1,0,0,1,1.06,48,1,2,26,4,2,6,1,3,2,27
123,0,2,3,0,0,0,0,0,0,0,1,2,26,4,2,6,1,3,2,27
131,1,3,1,1,0,0,1,0,1.68,167,1,2,26,4,2,6,1,3,2,27
132,0,3,2,0,1,0,0,1,0.36,20,1,2,26,4,2,6,1,3,2,27
133,0,3,3,0,0,0,0,0,0,0,1,2,26,4,2,6,1,3,2,27
141,1,4,1,1,0,0,0,1,3.09,26,1,2,26,4,2,6,1,3,2,27
142,0,4,2,0,1,1,0,0,0.89,48,1,2,26,4,2,6,1,3,2,27
143,0,4,3,0,0,0,0,0,0,0,1,2,26,4,2,6,1,3,2,27
151,1,5,1,1,0,1,0,0,0.49,91,1,2,26,4,2,6,1,3,2,27
152,0,5,2,0,1,0,1,0,1.06,57,1,2,26,4,2,6,1,3,2,27
153,0,5,3,0,0,0,0,0,0,0,1,2,26,4,2,6,1,3,2,27
161,0,6,1,1,0,0,0,1,0.49,167,1,2,26,4,2,6,1,3,2,27
162,1,6,2,0,1,0,1,0,0.89,20,1,2,26,4,2,6,1,3,2,27
163,0,6,3,0,0,0,0,0,0,0,1,2,26,4,2,6,1,3,2,27
171,1,7,1,1,0,0,0,1,3.09,167,1,2,26,4,2,6,1,3,2,27
172,0,7,2,0,1,0,0,1,1.06,57,1,2,26,4,2,6,1,3,2,27
173,0,7,3,0,0,0,0,0,0,0,1,2,26,4,2,6,1,3,2,27
181,0,8,1,1,0,1,0,0,0.49,26,1,2,26,4,2,6,1,3,2,27
182,1,8,2,0,1,1,0,0,0.36,20,1,2,26,4,2,6,1,3,2,27
183,0,8,3,0,0,0,0,0,0,0,1,2,26,4,2,6,1,3,2,27
191,1,9,1,1,0,0,1,0,3.09,91,1,2,26,4,2,6,1,3,2,27
192,0,9,2,0,1,1,0,0,0.36,57,1,2,26,4,2,6,1,3,2,27
193,0,9,3,0,0,0,0,0,0,0,1,2,26,4,2,6,1,3,2,27
111,0,1,1,1,0,0,1,0,1.68,91,1,4,45,5,3,6,2,2,4,28
112,1,1,2,0,1,0,1,0,0.89,48,1,4,45,5,3,6,2,2,4,28
113,0,1,3,0,0,0,0,0,0,0,1,4,45,5,3,6,2,2,4,28
121,0,2,1,1,0,1,0,0,1.68,26,1,4,45,5,3,6,2,2,4,28
122,1,2,2,0,1,0,0,1,1.06,48,1,4,45,5,3,6,2,2,4,28
123,0,2,3,0,0,0,0,0,0,0,1,4,45,5,3,6,2,2,4,28
131,0,3,1,1,0,0,1,0,1.68,167,1,4,45,5,3,6,2,2,4,28
132,1,3,2,0,1,0,0,1,0.36,20,1,4,45,5,3,6,2,2,4,28
133,0,3,3,0,0,0,0,0,0,0,1,4,45,5,3,6,2,2,4,28
141,0,4,1,1,0,0,0,1,3.09,26,1,4,45,5,3,6,2,2,4,28
142,1,4,2,0,1,1,0,0,0.89,48,1,4,45,5,3,6,2,2,4,28
143,0,4,3,0,0,0,0,0,0,0,1,4,45,5,3,6,2,2,4,28
151,0,5,1,1,0,1,0,0,0.49,91,1,4,45,5,3,6,2,2,4,28
152,1,5,2,0,1,0,1,0,1.06,57,1,4,45,5,3,6,2,2,4,28
153,0,5,3,0,0,0,0,0,0,0,1,4,45,5,3,6,2,2,4,28
161,0,6,1,1,0,0,0,1,0.49,167,1,4,45,5,3,6,2,2,4,28
162,1,6,2,0,1,0,1,0,0.89,20,1,4,45,5,3,6,2,2,4,28
163,0,6,3,0,0,0,0,0,0,0,1,4,45,5,3,6,2,2,4,28
171,0,7,1,1,0,0,0,1,3.09,167,1,4,45,5,3,6,2,2,4,28
172,1,7,2,0,1,0,0,1,1.06,57,1,4,45,5,3,6,2,2,4,28
173,0,7,3,0,0,0,0,0,0,0,1,4,45,5,3,6,2,2,4,28
181,1,8,1,1,0,1,0,0,0.49,26,1,4,45,5,3,6,2,2,4,28
182,0,8,2,0,1,1,0,0,0.36,20,1,4,45,5,3,6,2,2,4,28
183,0,8,3,0,0,0,0,0,0,0,1,4,45,5,3,6,2,2,4,28
191,1,9,1,1,0,0,1,0,3.09,91,1,4,45,5,3,6,2,2,4,28
192,0,9,2,0,1,1,0,0,0.36,57,1,4,45,5,3,6,2,2,4,28
193,0,9,3,0,0,0,0,0,0,0,1,4,45,5,3,6,2,2,4,28
111,0,1,1,1,0,0,1,0,1.68,91,1,4,50,6,1,1,1,4,9,29
112,1,1,2,0,1,0,1,0,0.89,48,1,4,50,6,1,1,1,4,9,29
113,0,1,3,0,0,0,0,0,0,0,1,4,50,6,1,1,1,4,9,29
121,0,2,1,1,0,1,0,0,1.68,26,1,4,50,6,1,1,1,4,9,29
122,1,2,2,0,1,0,0,1,1.06,48,1,4,50,6,1,1,1,4,9,29
123,0,2,3,0,0,0,0,0,0,0,1,4,50,6,1,1,1,4,9,29
131,0,3,1,1,0,0,1,0,1.68,167,1,4,50,6,1,1,1,4,9,29
132,1,3,2,0,1,0,0,1,0.36,20,1,4,50,6,1,1,1,4,9,29
133,0,3,3,0,0,0,0,0,0,0,1,4,50,6,1,1,1,4,9,29
141,1,4,1,1,0,0,0,1,3.09,26,1,4,50,6,1,1,1,4,9,29
142,0,4,2,0,1,1,0,0,0.89,48,1,4,50,6,1,1,1,4,9,29
143,0,4,3,0,0,0,0,0,0,0,1,4,50,6,1,1,1,4,9,29
151,1,5,1,1,0,1,0,0,0.49,91,1,4,50,6,1,1,1,4,9,29
152,0,5,2,0,1,0,1,0,1.06,57,1,4,50,6,1,1,1,4,9,29
153,0,5,3,0,0,0,0,0,0,0,1,4,50,6,1,1,1,4,9,29
161,1,6,1,1,0,0,0,1,0.49,167,1,4,50,6,1,1,1,4,9,29
162,0,6,2,0,1,0,1,0,0.89,20,1,4,50,6,1,1,1,4,9,29
163,0,6,3,0,0,0,0,0,0,0,1,4,50,6,1,1,1,4,9,29
171,1,7,1,1,0,0,0,1,3.09,167,1,4,50,6,1,1,1,4,9,29
172,0,7,2,0,1,0,0,1,1.06,57,1,4,50,6,1,1,1,4,9,29
173,0,7,3,0,0,0,0,0,0,0,1,4,50,6,1,1,1,4,9,29
181,0,8,1,1,0,1,0,0,0.49,26,1,4,50,6,1,1,1,4,9,29
182,1,8,2,0,1,1,0,0,0.36,20,1,4,50,6,1,1,1,4,9,29
183,0,8,3,0,0,0,0,0,0,0,1,4,50,6,1,1,1,4,9,29
191,0,9,1,1,0,0,1,0,3.09,91,1,4,50,6,1,1,1,4,9,29
192,1,9,2,0,1,1,0,0,0.36,57,1,4,50,6,1,1,1,4,9,29
193,0,9,3,0,0,0,0,0,0,0,1,4,50,6,1,1,1,4,9,29
211,0,1,1,1,0,1,0,0,3.09,91,1,3,37,4,1,2,1,7,4,30
212,1,1,2,0,1,0,0,1,0.89,20,1,3,37,4,1,2,1,7,4,30
213,0,1,3,0,0,0,0,0,0,0,1,3,37,4,1,2,1,7,4,30
221,0,2,1,1,0,1,0,0,3.09,26,1,3,37,4,1,2,1,7,4,30
222,1,2,2,0,1,0,1,0,0.36,48,1,3,37,4,1,2,1,7,4,30
223,0,2,3,0,0,0,0,0,0,0,1,3,37,4,1,2,1,7,4,30
231,0,3,1,1,0,0,0,1,0.49,91,1,3,37,4,1,2,1,7,4,30
232,1,3,2,0,1,0,0,1,0.36,48,1,3,37,4,1,2,1,7,4,30
233,0,3,3,0,0,0,0,0,0,0,1,3,37,4,1,2,1,7,4,30
241,1,4,1,1,0,0,0,1,1.68,26,1,3,37,4,1,2,1,7,4,30
242,0,4,2,0,1,0,1,0,0.36,57,1,3,37,4,1,2,1,7,4,30
243,0,4,3,0,0,0,0,0,0,0,1,3,37,4,1,2,1,7,4,30
251,1,5,1,1,0,1,1,0,3.09,26,1,3,37,4,1,2,1,7,4,30
252,0,5,2,0,1,0,1,0,1.06,20,1,3,37,4,1,2,1,7,4,30
253,0,5,3,0,0,0,0,0,0,0,1,3,37,4,1,2,1,7,4,30
261,0,6,1,1,0,0,0,1,1.68,91,1,3,37,4,1,2,1,7,4,30
262,1,6,2,0,1,1,0,0,1.06,20,1,3,37,4,1,2,1,7,4,30
263,0,6,3,0,0,0,0,0,0,0,1,3,37,4,1,2,1,7,4,30
271,0,7,1,1,0,1,0,0,1.68,167,1,3,37,4,1,2,1,7,4,30
272,1,7,2,0,1,1,0,0,0.89,57,1,3,37,4,1,2,1,7,4,30
273,0,7,3,0,0,0,0,0,0,0,1,3,37,4,1,2,1,7,4,30
281,0,8,1,1,0,0,1,0,0.49,26,1,3,37,4,1,2,1,7,4,30
282,1,8,2,0,1,0,0,1,0.89,57,1,3,37,4,1,2,1,7,4,30
283,0,8,3,0,0,0,0,0,0,0,1,3,37,4,1,2,1,7,4,30
291,0,9,1,1,0,0,1,0,0.49,167,1,3,37,4,1,2,1,7,4,30
292,1,9,2,0,1,1,0,0,1.06,48,1,3,37,4,1,2,1,7,4,30
293,0,9,3,0,0,0,0,0,0,0,1,3,37,4,1,2,1,7,4,30
111,1,1,1,1,0,0,1,0,1.68,91,0,1,19,3,2,6,2,1,1,31
112,0,1,2,0,1,0,1,0,0.89,48,0,1,19,3,2,6,2,1,1,31
113,0,1,3,0,0,0,0,0,0,0,0,1,19,3,2,6,2,1,1,31
121,1,2,1,1,0,1,0,0,1.68,26,0,1,19,3,2,6,2,1,1,31
122,0,2,2,0,1,0,0,1,1.06,48,0,1,19,3,2,6,2,1,1,31
123,0,2,3,0,0,0,0,0,0,0,0,1,19,3,2,6,2,1,1,31
131,1,3,1,1,0,0,1,0,1.68,167,0,1,19,3,2,6,2,1,1,31
132,0,3,2,0,1,0,0,1,0.36,20,0,1,19,3,2,6,2,1,1,31
133,0,3,3,0,0,0,0,0,0,0,0,1,19,3,2,6,2,1,1,31
141,1,4,1,1,0,0,0,1,3.09,26,0,1,19,3,2,6,2,1,1,31
142,0,4,2,0,1,1,0,0,0.89,48,0,1,19,3,2,6,2,1,1,31
143,0,4,3,0,0,0,0,0,0,0,0,1,19,3,2,6,2,1,1,31
151,0,5,1,1,0,1,0,0,0.49,91,0,1,19,3,2,6,2,1,1,31
152,1,5,2,0,1,0,1,0,1.06,57,0,1,19,3,2,6,2,1,1,31
153,0,5,3,0,0,0,0,0,0,0,0,1,19,3,2,6,2,1,1,31
161,0,6,1,1,0,0,0,1,0.49,167,0,1,19,3,2,6,2,1,1,31
162,1,6,2,0,1,0,1,0,0.89,20,0,1,19,3,2,6,2,1,1,31
163,0,6,3,0,0,0,0,0,0,0,0,1,19,3,2,6,2,1,1,31
171,1,7,1,1,0,0,0,1,3.09,167,0,1,19,3,2,6,2,1,1,31
172,0,7,2,0,1,0,0,1,1.06,57,0,1,19,3,2,6,2,1,1,31
173,0,7,3,0,0,0,0,0,0,0,0,1,19,3,2,6,2,1,1,31
181,1,8,1,1,0,1,0,0,0.49,26,0,1,19,3,2,6,2,1,1,31
182,0,8,2,0,1,1,0,0,0.36,20,0,1,19,3,2,6,2,1,1,31
183,0,8,3,0,0,0,0,0,0,0,0,1,19,3,2,6,2,1,1,31
191,1,9,1,1,0,0,1,0,3.09,91,0,1,19,3,2,6,2,1,1,31
192,0,9,2,0,1,1,0,0,0.36,57,0,1,19,3,2,6,2,1,1,31
193,0,9,3,0,0,0,0,0,0,0,0,1,19,3,2,6,2,1,1,31
211,0,1,1,1,0,1,0,0,3.09,91,1,1,24,2,2,1,2,1,2,32
212,1,1,2,0,1,0,0,1,0.89,20,1,1,24,2,2,1,2,1,2,32
213,0,1,3,0,0,0,0,0,0,0,1,1,24,2,2,1,2,1,2,32
221,1,2,1,1,0,1,0,0,3.09,26,1,1,24,2,2,1,2,1,2,32
222,0,2,2,0,1,0,1,0,0.36,48,1,1,24,2,2,1,2,1,2,32
223,0,2,3,0,0,0,0,0,0,0,1,1,24,2,2,1,2,1,2,32
231,0,3,1,1,0,0,0,1,0.49,91,1,1,24,2,2,1,2,1,2,32
232,1,3,2,0,1,0,0,1,0.36,48,1,1,24,2,2,1,2,1,2,32
233,0,3,3,0,0,0,0,0,0,0,1,1,24,2,2,1,2,1,2,32
241,1,4,1,1,0,0,0,1,1.68,26,1,1,24,2,2,1,2,1,2,32
242,0,4,2,0,1,0,1,0,0.36,57,1,1,24,2,2,1,2,1,2,32
243,0,4,3,0,0,0,0,0,0,0,1,1,24,2,2,1,2,1,2,32
251,0,5,1,1,0,1,1,0,3.09,26,1,1,24,2,2,1,2,1,2,32
252,1,5,2,0,1,0,1,0,1.06,20,1,1,24,2,2,1,2,1,2,32
253,0,5,3,0,0,0,0,0,0,0,1,1,24,2,2,1,2,1,2,32
261,0,6,1,1,0,0,0,1,1.68,91,1,1,24,2,2,1,2,1,2,32
262,1,6,2,0,1,1,0,0,1.06,20,1,1,24,2,2,1,2,1,2,32
263,0,6,3,0,0,0,0,0,0,0,1,1,24,2,2,1,2,1,2,32
271,0,7,1,1,0,1,0,0,1.68,167,1,1,24,2,2,1,2,1,2,32
272,1,7,2,0,1,1,0,0,0.89,57,1,1,24,2,2,1,2,1,2,32
273,0,7,3,0,0,0,0,0,0,0,1,1,24,2,2,1,2,1,2,32
281,1,8,1,1,0,0,1,0,0.49,26,1,1,24,2,2,1,2,1,2,32
282,0,8,2,0,1,0,0,1,0.89,57,1,1,24,2,2,1,2,1,2,32
283,0,8,3,0,0,0,0,0,0,0,1,1,24,2,2,1,2,1,2,32
291,0,9,1,1,0,0,1,0,0.49,167,1,1,24,2,2,1,2,1,2,32
292,1,9,2,0,1,1,0,0,1.06,48,1,1,24,2,2,1,2,1,2,32
293,0,9,3,0,0,0,0,0,0,0,1,1,24,2,2,1,2,1,2,32
111,0,1,1,1,0,0,1,0,1.68,91,1,1,24,5,1,2,1,2,2,33
112,1,1,2,0,1,0,1,0,0.89,48,1,1,24,5,1,2,1,2,2,33
113,0,1,3,0,0,0,0,0,0,0,1,1,24,5,1,2,1,2,2,33
121,0,2,1,1,0,1,0,0,1.68,26,1,1,24,5,1,2,1,2,2,33
122,1,2,2,0,1,0,0,1,1.06,48,1,1,24,5,1,2,1,2,2,33
123,0,2,3,0,0,0,0,0,0,0,1,1,24,5,1,2,1,2,2,33
131,1,3,1,1,0,0,1,0,1.68,167,1,1,24,5,1,2,1,2,2,33
132,0,3,2,0,1,0,0,1,0.36,20,1,1,24,5,1,2,1,2,2,33
133,0,3,3,0,0,0,0,0,0,0,1,1,24,5,1,2,1,2,2,33
141,0,4,1,1,0,0,0,1,3.09,26,1,1,24,5,1,2,1,2,2,33
142,1,4,2,0,1,1,0,0,0.89,48,1,1,24,5,1,2,1,2,2,33
143,0,4,3,0,0,0,0,0,0,0,1,1,24,5,1,2,1,2,2,33
151,0,5,1,1,0,1,0,0,0.49,91,1,1,24,5,1,2,1,2,2,33
152,1,5,2,0,1,0,1,0,1.06,57,1,1,24,5,1,2,1,2,2,33
153,0,5,3,0,0,0,0,0,0,0,1,1,24,5,1,2,1,2,2,33
161,0,6,1,1,0,0,0,1,0.49,167,1,1,24,5,1,2,1,2,2,33
162,1,6,2,0,1,0,1,0,0.89,20,1,1,24,5,1,2,1,2,2,33
163,0,6,3,0,0,0,0,0,0,0,1,1,24,5,1,2,1,2,2,33
171,0,7,1,1,0,0,0,1,3.09,167,1,1,24,5,1,2,1,2,2,33
172,1,7,2,0,1,0,0,1,1.06,57,1,1,24,5,1,2,1,2,2,33
173,0,7,3,0,0,0,0,0,0,0,1,1,24,5,1,2,1,2,2,33
181,1,8,1,1,0,1,0,0,0.49,26,1,1,24,5,1,2,1,2,2,33
182,0,8,2,0,1,1,0,0,0.36,20,1,1,24,5,1,2,1,2,2,33
183,0,8,3,0,0,0,0,0,0,0,1,1,24,5,1,2,1,2,2,33
191,1,9,1,1,0,0,1,0,3.09,91,1,1,24,5,1,2,1,2,2,33
192,0,9,2,0,1,1,0,0,0.36,57,1,1,24,5,1,2,1,2,2,33
193,0,9,3,0,0,0,0,0,0,0,1,1,24,5,1,2,1,2,2,33
211,0,1,1,1,0,1,0,0,3.09,91,0,2,28,6,1,2,1,3,4,34
212,1,1,2,0,1,0,0,1,0.89,20,0,2,28,6,1,2,1,3,4,34
213,0,1,3,0,0,0,0,0,0,0,0,2,28,6,1,2,1,3,4,34
221,1,2,1,1,0,1,0,0,3.09,26,0,2,28,6,1,2,1,3,4,34
222,0,2,2,0,1,0,1,0,0.36,48,0,2,28,6,1,2,1,3,4,34
223,0,2,3,0,0,0,0,0,0,0,0,2,28,6,1,2,1,3,4,34
231,0,3,1,1,0,0,0,1,0.49,91,0,2,28,6,1,2,1,3,4,34
232,1,3,2,0,1,0,0,1,0.36,48,0,2,28,6,1,2,1,3,4,34
233,0,3,3,0,0,0,0,0,0,0,0,2,28,6,1,2,1,3,4,34
241,0,4,1,1,0,0,0,1,1.68,26,0,2,28,6,1,2,1,3,4,34
242,1,4,2,0,1,0,1,0,0.36,57,0,2,28,6,1,2,1,3,4,34
243,0,4,3,0,0,0,0,0,0,0,0,2,28,6,1,2,1,3,4,34
251,1,5,1,1,0,1,1,0,3.09,26,0,2,28,6,1,2,1,3,4,34
252,0,5,2,0,1,0,1,0,1.06,20,0,2,28,6,1,2,1,3,4,34
253,0,5,3,0,0,0,0,0,0,0,0,2,28,6,1,2,1,3,4,34
261,1,6,1,1,0,0,0,1,1.68,91,0,2,28,6,1,2,1,3,4,34
262,0,6,2,0,1,1,0,0,1.06,20,0,2,28,6,1,2,1,3,4,34
263,0,6,3,0,0,0,0,0,0,0,0,2,28,6,1,2,1,3,4,34
271,1,7,1,1,0,1,0,0,1.68,167,0,2,28,6,1,2,1,3,4,34
272,0,7,2,0,1,1,0,0,0.89,57,0,2,28,6,1,2,1,3,4,34
273,0,7,3,0,0,0,0,0,0,0,0,2,28,6,1,2,1,3,4,34
281,0,8,1,1,0,0,1,0,0.49,26,0,2,28,6,1,2,1,3,4,34
282,1,8,2,0,1,0,0,1,0.89,57,0,2,28,6,1,2,1,3,4,34
283,0,8,3,0,0,0,0,0,0,0,0,2,28,6,1,2,1,3,4,34
291,1,9,1,1,0,0,1,0,0.49,167,0,2,28,6,1,2,1,3,4,34
292,0,9,2,0,1,1,0,0,1.06,48,0,2,28,6,1,2,1,3,4,34
293,0,9,3,0,0,0,0,0,0,0,0,2,28,6,1,2,1,3,4,34
111,0,1,1,1,0,0,1,0,1.68,91,1,2,34,5,1,6,1,6,4,35
112,0,1,2,0,1,0,1,0,0.89,48,1,2,34,5,1,6,1,6,4,35
113,1,1,3,0,0,0,0,0,0,0,1,2,34,5,1,6,1,6,4,35
121,1,2,1,1,0,1,0,0,1.68,26,1,2,34,5,1,6,1,6,4,35
122,0,2,2,0,1,0,0,1,1.06,48,1,2,34,5,1,6,1,6,4,35
123,0,2,3,0,0,0,0,0,0,0,1,2,34,5,1,6,1,6,4,35
131,0,3,1,1,0,0,1,0,1.68,167,1,2,34,5,1,6,1,6,4,35
132,1,3,2,0,1,0,0,1,0.36,20,1,2,34,5,1,6,1,6,4,35
133,0,3,3,0,0,0,0,0,0,0,1,2,34,5,1,6,1,6,4,35
141,1,4,1,1,0,0,0,1,3.09,26,1,2,34,5,1,6,1,6,4,35
142,0,4,2,0,1,1,0,0,0.89,48,1,2,34,5,1,6,1,6,4,35
143,0,4,3,0,0,0,0,0,0,0,1,2,34,5,1,6,1,6,4,35
151,0,5,1,1,0,1,0,0,0.49,91,1,2,34,5,1,6,1,6,4,35
152,0,5,2,0,1,0,1,0,1.06,57,1,2,34,5,1,6,1,6,4,35
153,1,5,3,0,0,0,0,0,0,0,1,2,34,5,1,6,1,6,4,35
161,0,6,1,1,0,0,0,1,0.49,167,1,2,34,5,1,6,1,6,4,35
162,1,6,2,0,1,0,1,0,0.89,20,1,2,34,5,1,6,1,6,4,35
163,0,6,3,0,0,0,0,0,0,0,1,2,34,5,1,6,1,6,4,35
171,0,7,1,1,0,0,0,1,3.09,167,1,2,34,5,1,6,1,6,4,35
172,0,7,2,0,1,0,0,1,1.06,57,1,2,34,5,1,6,1,6,4,35
173,1,7,3,0,0,0,0,0,0,0,1,2,34,5,1,6,1,6,4,35
181,0,8,1,1,0,1,0,0,0.49,26,1,2,34,5,1,6,1,6,4,35
182,1,8,2,0,1,1,0,0,0.36,20,1,2,34,5,1,6,1,6,4,35
183,0,8,3,0,0,0,0,0,0,0,1,2,34,5,1,6,1,6,4,35
191,0,9,1,1,0,0,1,0,3.09,91,1,2,34,5,1,6,1,6,4,35
192,0,9,2,0,1,1,0,0,0.36,57,1,2,34,5,1,6,1,6,4,35
193,1,9,3,0,0,0,0,0,0,0,1,2,34,5,1,6,1,6,4,35
211,0,1,1,1,0,1,0,0,3.09,91,0,1,21,3,2,1,2,1,2,36
212,1,1,2,0,1,0,0,1,0.89,20,0,1,21,3,2,1,2,1,2,36
213,0,1,3,0,0,0,0,0,0,0,0,1,21,3,2,1,2,1,2,36
221,0,2,1,1,0,1,0,0,3.09,26,0,1,21,3,2,1,2,1,2,36
222,0,2,2,0,1,0,1,0,0.36,48,0,1,21,3,2,1,2,1,2,36
223,1,2,3,0,0,0,0,0,0,0,0,1,21,3,2,1,2,1,2,36
231,1,3,1,1,0,0,0,1,0.49,91,0,1,21,3,2,1,2,1,2,36
232,0,3,2,0,1,0,0,1,0.36,48,0,1,21,3,2,1,2,1,2,36
233,0,3,3,0,0,0,0,0,0,0,0,1,21,3,2,1,2,1,2,36
241,1,4,1,1,0,0,0,1,1.68,26,0,1,21,3,2,1,2,1,2,36
242,0,4,2,0,1,0,1,0,0.36,57,0,1,21,3,2,1,2,1,2,36
243,0,4,3,0,0,0,0,0,0,0,0,1,21,3,2,1,2,1,2,36
251,0,5,1,1,0,1,1,0,3.09,26,0,1,21,3,2,1,2,1,2,36
252,0,5,2,0,1,0,1,0,1.06,20,0,1,21,3,2,1,2,1,2,36
253,1,5,3,0,0,0,0,0,0,0,0,1,21,3,2,1,2,1,2,36
261,1,6,1,1,0,0,0,1,1.68,91,0,1,21,3,2,1,2,1,2,36
262,0,6,2,0,1,1,0,0,1.06,20,0,1,21,3,2,1,2,1,2,36
263,0,6,3,0,0,0,0,0,0,0,0,1,21,3,2,1,2,1,2,36
271,0,7,1,1,0,1,0,0,1.68,167,0,1,21,3,2,1,2,1,2,36
272,0,7,2,0,1,1,0,0,0.89,57,0,1,21,3,2,1,2,1,2,36
273,1,7,3,0,0,0,0,0,0,0,0,1,21,3,2,1,2,1,2,36
281,0,8,1,1,0,0,1,0,0.49,26,0,1,21,3,2,1,2,1,2,36
282,1,8,2,0,1,0,0,1,0.89,57,0,1,21,3,2,1,2,1,2,36
283,0,8,3,0,0,0,0,0,0,0,0,1,21,3,2,1,2,1,2,36
291,0,9,1,1,0,0,1,0,0.49,167,0,1,21,3,2,1,2,1,2,36
292,1,9,2,0,1,1,0,0,1.06,48,0,1,21,3,2,1,2,1,2,36
293,0,9,3,0,0,0,0,0,0,0,0,1,21,3,2,1,2,1,2,36
211,0,1,1,1,0,1,0,0,3.09,91,1,1,19,3,2,1,2,1,1,37
212,0,1,2,0,1,0,0,1,0.89,20,1,1,19,3,2,1,2,1,1,37
213,1,1,3,0,0,0,0,0,0,0,1,1,19,3,2,1,2,1,1,37
221,0,2,1,1,0,1,0,0,3.09,26,1,1,19,3,2,1,2,1,1,37
222,0,2,2,0,1,0,1,0,0.36,48,1,1,19,3,2,1,2,1,1,37
223,1,2,3,0,0,0,0,0,0,0,1,1,19,3,2,1,2,1,1,37
231,0,3,1,1,0,0,0,1,0.49,91,1,1,19,3,2,1,2,1,1,37
232,0,3,2,0,1,0,0,1,0.36,48,1,1,19,3,2,1,2,1,1,37
233,1,3,3,0,0,0,0,0,0,0,1,1,19,3,2,1,2,1,1,37
241,0,4,1,1,0,0,0,1,1.68,26,1,1,19,3,2,1,2,1,1,37
242,0,4,2,0,1,0,1,0,0.36,57,1,1,19,3,2,1,2,1,1,37
243,1,4,3,0,0,0,0,0,0,0,1,1,19,3,2,1,2,1,1,37
251,0,5,1,1,0,1,1,0,3.09,26,1,1,19,3,2,1,2,1,1,37
252,1,5,2,0,1,0,1,0,1.06,20,1,1,19,3,2,1,2,1,1,37
253,0,5,3,0,0,0,0,0,0,0,1,1,19,3,2,1,2,1,1,37
261,0,6,1,1,0,0,0,1,1.68,91,1,1,19,3,2,1,2,1,1,37
262,1,6,2,0,1,1,0,0,1.06,20,1,1,19,3,2,1,2,1,1,37
263,0,6,3,0,0,0,0,0,0,0,1,1,19,3,2,1,2,1,1,37
271,0,7,1,1,0,1,0,0,1.68,167,1,1,19,3,2,1,2,1,1,37
272,0,7,2,0,1,1,0,0,0.89,57,1,1,19,3,2,1,2,1,1,37
273,1,7,3,0,0,0,0,0,0,0,1,1,19,3,2,1,2,1,1,37
281,0,8,1,1,0,0,1,0,0.49,26,1,1,19,3,2,1,2,1,1,37
282,0,8,2,0,1,0,0,1,0.89,57,1,1,19,3,2,1,2,1,1,37
283,1,8,3,0,0,0,0,0,0,0,1,1,19,3,2,1,2,1,1,37
291,0,9,1,1,0,0,1,0,0.49,167,1,1,19,3,2,1,2,1,1,37
292,0,9,2,0,1,1,0,0,1.06,48,1,1,19,3,2,1,2,1,1,37
293,1,9,3,0,0,0,0,0,0,0,1,1,19,3,2,1,2,1,1,37
111,1,1,1,1,0,0,1,0,1.68,91,1,1,19,3,2,6,2,1,1,38
112,0,1,2,0,1,0,1,0,0.89,48,1,1,19,3,2,6,2,1,1,38
113,0,1,3,0,0,0,0,0,0,0,1,1,19,3,2,6,2,1,1,38
121,0,2,1,1,0,1,0,0,1.68,26,1,1,19,3,2,6,2,1,1,38
122,1,2,2,0,1,0,0,1,1.06,48,1,1,19,3,2,6,2,1,1,38
123,0,2,3,0,0,0,0,0,0,0,1,1,19,3,2,6,2,1,1,38
131,0,3,1,1,0,0,1,0,1.68,167,1,1,19,3,2,6,2,1,1,38
132,1,3,2,0,1,0,0,1,0.36,20,1,1,19,3,2,6,2,1,1,38
133,0,3,3,0,0,0,0,0,0,0,1,1,19,3,2,6,2,1,1,38
141,1,4,1,1,0,0,0,1,3.09,26,1,1,19,3,2,6,2,1,1,38
142,0,4,2,0,1,1,0,0,0.89,48,1,1,19,3,2,6,2,1,1,38
143,0,4,3,0,0,0,0,0,0,0,1,1,19,3,2,6,2,1,1,38
151,0,5,1,1,0,1,0,0,0.49,91,1,1,19,3,2,6,2,1,1,38
152,1,5,2,0,1,0,1,0,1.06,57,1,1,19,3,2,6,2,1,1,38
153,0,5,3,0,0,0,0,0,0,0,1,1,19,3,2,6,2,1,1,38
161,1,6,1,1,0,0,0,1,0.49,167,1,1,19,3,2,6,2,1,1,38
162,0,6,2,0,1,0,1,0,0.89,20,1,1,19,3,2,6,2,1,1,38
163,0,6,3,0,0,0,0,0,0,0,1,1,19,3,2,6,2,1,1,38
171,1,7,1,1,0,0,0,1,3.09,167,1,1,19,3,2,6,2,1,1,38
172,0,7,2,0,1,0,0,1,1.06,57,1,1,19,3,2,6,2,1,1,38
173,0,7,3,0,0,0,0,0,0,0,1,1,19,3,2,6,2,1,1,38
181,1,8,1,1,0,1,0,0,0.49,26,1,1,19,3,2,6,2,1,1,38
182,0,8,2,0,1,1,0,0,0.36,20,1,1,19,3,2,6,2,1,1,38
183,0,8,3,0,0,0,0,0,0,0,1,1,19,3,2,6,2,1,1,38
191,0,9,1,1,0,0,1,0,3.09,91,1,1,19,3,2,6,2,1,1,38
192,1,9,2,0,1,1,0,0,0.36,57,1,1,19,3,2,6,2,1,1,38
193,0,9,3,0,0,0,0,0,0,0,1,1,19,3,2,6,2,1,1,38
211,0,1,1,1,0,1,0,0,3.09,91,1,1,19,3,2,1,2,1,1,39
212,1,1,2,0,1,0,0,1,0.89,20,1,1,19,3,2,1,2,1,1,39
213,0,1,3,0,0,0,0,0,0,0,1,1,19,3,2,1,2,1,1,39
221,1,2,1,1,0,1,0,0,3.09,26,1,1,19,3,2,1,2,1,1,39
222,0,2,2,0,1,0,1,0,0.36,48,1,1,19,3,2,1,2,1,1,39
223,0,2,3,0,0,0,0,0,0,0,1,1,19,3,2,1,2,1,1,39
231,0,3,1,1,0,0,0,1,0.49,91,1,1,19,3,2,1,2,1,1,39
232,1,3,2,0,1,0,0,1,0.36,48,1,1,19,3,2,1,2,1,1,39
233,0,3,3,0,0,0,0,0,0,0,1,1,19,3,2,1,2,1,1,39
241,0,4,1,1,0,0,0,1,1.68,26,1,1,19,3,2,1,2,1,1,39
242,1,4,2,0,1,0,1,0,0.36,57,1,1,19,3,2,1,2,1,1,39
243,0,4,3,0,0,0,0,0,0,0,1,1,19,3,2,1,2,1,1,39
251,0,5,1,1,0,1,1,0,3.09,26,1,1,19,3,2,1,2,1,1,39
252,1,5,2,0,1,0,1,0,1.06,20,1,1,19,3,2,1,2,1,1,39
253,0,5,3,0,0,0,0,0,0,0,1,1,19,3,2,1,2,1,1,39
261,1,6,1,1,0,0,0,1,1.68,91,1,1,19,3,2,1,2,1,1,39
262,0,6,2,0,1,1,0,0,1.06,20,1,1,19,3,2,1,2,1,1,39
263,0,6,3,0,0,0,0,0,0,0,1,1,19,3,2,1,2,1,1,39
271,1,7,1,1,0,1,0,0,1.68,167,1,1,19,3,2,1,2,1,1,39
272,0,7,2,0,1,1,0,0,0.89,57,1,1,19,3,2,1,2,1,1,39
273,0,7,3,0,0,0,0,0,0,0,1,1,19,3,2,1,2,1,1,39
281,0,8,1,1,0,0,1,0,0.49,26,1,1,19,3,2,1,2,1,1,39
282,1,8,2,0,1,0,0,1,0.89,57,1,1,19,3,2,1,2,1,1,39
283,0,8,3,0,0,0,0,0,0,0,1,1,19,3,2,1,2,1,1,39
291,0,9,1,1,0,0,1,0,0.49,167,1,1,19,3,2,1,2,1,1,39
292,1,9,2,0,1,1,0,0,1.06,48,1,1,19,3,2,1,2,1,1,39
293,0,9,3,0,0,0,0,0,0,0,1,1,19,3,2,1,2,1,1,39
211,0,1,1,1,0,1,0,0,3.09,91,0,1,21,4,2,6,2,1,1,40
212,1,1,2,0,1,0,0,1,0.89,20,0,1,21,4,2,6,2,1,1,40
213,0,1,3,0,0,0,0,0,0,0,0,1,21,4,2,6,2,1,1,40
221,0,2,1,1,0,1,0,0,3.09,26,0,1,21,4,2,6,2,1,1,40
222,1,2,2,0,1,0,1,0,0.36,48,0,1,21,4,2,6,2,1,1,40
223,0,2,3,0,0,0,0,0,0,0,0,1,21,4,2,6,2,1,1,40
231,1,3,1,1,0,0,0,1,0.49,91,0,1,21,4,2,6,2,1,1,40
232,0,3,2,0,1,0,0,1,0.36,48,0,1,21,4,2,6,2,1,1,40
233,0,3,3,0,0,0,0,0,0,0,0,1,21,4,2,6,2,1,1,40
241,1,4,1,1,0,0,0,1,1.68,26,0,1,21,4,2,6,2,1,1,40
242,0,4,2,0,1,0,1,0,0.36,57,0,1,21,4,2,6,2,1,1,40
243,0,4,3,0,0,0,0,0,0,0,0,1,21,4,2,6,2,1,1,40
251,1,5,1,1,0,1,1,0,3.09,26,0,1,21,4,2,6,2,1,1,40
252,0,5,2,0,1,0,1,0,1.06,20,0,1,21,4,2,6,2,1,1,40
253,0,5,3,0,0,0,0,0,0,0,0,1,21,4,2,6,2,1,1,40
261,1,6,1,1,0,0,0,1,1.68,91,0,1,21,4,2,6,2,1,1,40
262,0,6,2,0,1,1,0,0,1.06,20,0,1,21,4,2,6,2,1,1,40
263,0,6,3,0,0,0,0,0,0,0,0,1,21,4,2,6,2,1,1,40
271,0,7,1,1,0,1,0,0,1.68,167,0,1,21,4,2,6,2,1,1,40
272,1,7,2,0,1,1,0,0,0.89,57,0,1,21,4,2,6,2,1,1,40
273,0,7,3,0,0,0,0,0,0,0,0,1,21,4,2,6,2,1,1,40
281,0,8,1,1,0,0,1,0,0.49,26,0,1,21,4,2,6,2,1,1,40
282,1,8,2,0,1,0,0,1,0.89,57,0,1,21,4,2,6,2,1,1,40
283,0,8,3,0,0,0,0,0,0,0,0,1,21,4,2,6,2,1,1,40
291,0,9,1,1,0,0,1,0,0.49,167,0,1,21,4,2,6,2,1,1,40
292,1,9,2,0,1,1,0,0,1.06,48,0,1,21,4,2,6,2,1,1,40
293,0,9,3,0,0,0,0,0,0,0,0,1,21,4,2,6,2,1,1,40
111,0,1,1,1,0,0,1,0,1.68,91,0,1,19,3,2,6,2,7,11,41
112,0,1,2,0,1,0,1,0,0.89,48,0,1,19,3,2,6,2,7,11,41
113,1,1,3,0,0,0,0,0,0,0,0,1,19,3,2,6,2,7,11,41
121,0,2,1,1,0,1,0,0,1.68,26,0,1,19,3,2,6,2,7,11,41
122,1,2,2,0,1,0,0,1,1.06,48,0,1,19,3,2,6,2,7,11,41
123,0,2,3,0,0,0,0,0,0,0,0,1,19,3,2,6,2,7,11,41
131,0,3,1,1,0,0,1,0,1.68,167,0,1,19,3,2,6,2,7,11,41
132,1,3,2,0,1,0,0,1,0.36,20,0,1,19,3,2,6,2,7,11,41
133,0,3,3,0,0,0,0,0,0,0,0,1,19,3,2,6,2,7,11,41
141,1,4,1,1,0,0,0,1,3.09,26,0,1,19,3,2,6,2,7,11,41
142,0,4,2,0,1,1,0,0,0.89,48,0,1,19,3,2,6,2,7,11,41
143,0,4,3,0,0,0,0,0,0,0,0,1,19,3,2,6,2,7,11,41
151,0,5,1,1,0,1,0,0,0.49,91,0,1,19,3,2,6,2,7,11,41
152,0,5,2,0,1,0,1,0,1.06,57,0,1,19,3,2,6,2,7,11,41
153,1,5,3,0,0,0,0,0,0,0,0,1,19,3,2,6,2,7,11,41
161,1,6,1,1,0,0,0,1,0.49,167,0,1,19,3,2,6,2,7,11,41
162,0,6,2,0,1,0,1,0,0.89,20,0,1,19,3,2,6,2,7,11,41
163,0,6,3,0,0,0,0,0,0,0,0,1,19,3,2,6,2,7,11,41
171,1,7,1,1,0,0,0,1,3.09,167,0,1,19,3,2,6,2,7,11,41
172,0,7,2,0,1,0,0,1,1.06,57,0,1,19,3,2,6,2,7,11,41
173,0,7,3,0,0,0,0,0,0,0,0,1,19,3,2,6,2,7,11,41
181,0,8,1,1,0,1,0,0,0.49,26,0,1,19,3,2,6,2,7,11,41
182,0,8,2,0,1,1,0,0,0.36,20,0,1,19,3,2,6,2,7,11,41
183,1,8,3,0,0,0,0,0,0,0,0,1,19,3,2,6,2,7,11,41
191,0,9,1,1,0,0,1,0,3.09,91,0,1,19,3,2,6,2,7,11,41
192,0,9,2,0,1,1,0,0,0.36,57,0,1,19,3,2,6,2,7,11,41
193,1,9,3,0,0,0,0,0,0,0,0,1,19,3,2,6,2,7,11,41
111,1,1,1,1,0,0,1,0,1.68,91,1,4,45,5,1,1,1,7,11,42
112,0,1,2,0,1,0,1,0,0.89,48,1,4,45,5,1,1,1,7,11,42
113,0,1,3,0,0,0,0,0,0,0,1,4,45,5,1,1,1,7,11,42
121,1,2,1,1,0,1,0,0,1.68,26,1,4,45,5,1,1,1,7,11,42
122,0,2,2,0,1,0,0,1,1.06,48,1,4,45,5,1,1,1,7,11,42
123,0,2,3,0,0,0,0,0,0,0,1,4,45,5,1,1,1,7,11,42
131,0,3,1,1,0,0,1,0,1.68,167,1,4,45,5,1,1,1,7,11,42
132,1,3,2,0,1,0,0,1,0.36,20,1,4,45,5,1,1,1,7,11,42
133,0,3,3,0,0,0,0,0,0,0,1,4,45,5,1,1,1,7,11,42
141,0,4,1,1,0,0,0,1,3.09,26,1,4,45,5,1,1,1,7,11,42
142,1,4,2,0,1,1,0,0,0.89,48,1,4,45,5,1,1,1,7,11,42
143,0,4,3,0,0,0,0,0,0,0,1,4,45,5,1,1,1,7,11,42
161,1,6,1,1,0,0,0,1,0.49,167,1,4,45,5,1,1,1,7,11,42
162,0,6,2,0,1,0,1,0,0.89,20,1,4,45,5,1,1,1,7,11,42
163,0,6,3,0,0,0,0,0,0,0,1,4,45,5,1,1,1,7,11,42
171,1,7,1,1,0,0,0,1,3.09,167,1,4,45,5,1,1,1,7,11,42
172,0,7,2,0,1,0,0,1,1.06,57,1,4,45,5,1,1,1,7,11,42
173,0,7,3,0,0,0,0,0,0,0,1,4,45,5,1,1,1,7,11,42
181,0,8,1,1,0,1,0,0,0.49,26,1,4,45,5,1,1,1,7,11,42
182,1,8,2,0,1,1,0,0,0.36,20,1,4,45,5,1,1,1,7,11,42
183,0,8,3,0,0,0,0,0,0,0,1,4,45,5,1,1,1,7,11,42
191,1,9,1,1,0,0,1,0,3.09,91,1,4,45,5,1,1,1,7,11,42
192,0,9,2,0,1,1,0,0,0.36,57,1,4,45,5,1,1,1,7,11,42
193,0,9,3,0,0,0,0,0,0,0,1,4,45,5,1,1,1,7,11,42
211,0,1,1,1,0,1,0,0,3.09,91,1,3,42,6,1,2,1,5,11,43
212,1,1,2,0,1,0,0,1,0.89,20,1,3,42,6,1,2,1,5,11,43
213,0,1,3,0,0,0,0,0,0,0,1,3,42,6,1,2,1,5,11,43
221,1,2,1,1,0,1,0,0,3.09,26,1,3,42,6,1,2,1,5,11,43
222,0,2,2,0,1,0,1,0,0.36,48,1,3,42,6,1,2,1,5,11,43
223,0,2,3,0,0,0,0,0,0,0,1,3,42,6,1,2,1,5,11,43
231,0,3,1,1,0,0,0,1,0.49,91,1,3,42,6,1,2,1,5,11,43
232,0,3,2,0,1,0,0,1,0.36,48,1,3,42,6,1,2,1,5,11,43
233,1,3,3,0,0,0,0,0,0,0,1,3,42,6,1,2,1,5,11,43
241,0,4,1,1,0,0,0,1,1.68,26,1,3,42,6,1,2,1,5,11,43
242,0,4,2,0,1,0,1,0,0.36,57,1,3,42,6,1,2,1,5,11,43
243,1,4,3,0,0,0,0,0,0,0,1,3,42,6,1,2,1,5,11,43
251,0,5,1,1,0,1,1,0,3.09,26,1,3,42,6,1,2,1,5,11,43
252,0,5,2,0,1,0,1,0,1.06,20,1,3,42,6,1,2,1,5,11,43
253,1,5,3,0,0,0,0,0,0,0,1,3,42,6,1,2,1,5,11,43
261,0,6,1,1,0,0,0,1,1.68,91,1,3,42,6,1,2,1,5,11,43
262,1,6,2,0,1,1,0,0,1.06,20,1,3,42,6,1,2,1,5,11,43
263,0,6,3,0,0,0,0,0,0,0,1,3,42,6,1,2,1,5,11,43
271,0,7,1,1,0,1,0,0,1.68,167,1,3,42,6,1,2,1,5,11,43
272,1,7,2,0,1,1,0,0,0.89,57,1,3,42,6,1,2,1,5,11,43
273,0,7,3,0,0,0,0,0,0,0,1,3,42,6,1,2,1,5,11,43
281,0,8,1,1,0,0,1,0,0.49,26,1,3,42,6,1,2,1,5,11,43
282,0,8,2,0,1,0,0,1,0.89,57,1,3,42,6,1,2,1,5,11,43
283,1,8,3,0,0,0,0,0,0,0,1,3,42,6,1,2,1,5,11,43
291,0,9,1,1,0,0,1,0,0.49,167,1,3,42,6,1,2,1,5,11,43
292,1,9,2,0,1,1,0,0,1.06,48,1,3,42,6,1,2,1,5,11,43
293,0,9,3,0,0,0,0,0,0,0,1,3,42,6,1,2,1,5,11,43
211,1,1,1,1,0,1,0,0,3.09,91,1,1,22,4,3,1,1,2,2,44
212,0,1,2,0,1,0,0,1,0.89,20,1,1,22,4,3,1,1,2,2,44
213,0,1,3,0,0,0,0,0,0,0,1,1,22,4,3,1,1,2,2,44
221,1,2,1,1,0,1,0,0,3.09,26,1,1,22,4,3,1,1,2,2,44
222,0,2,2,0,1,0,1,0,0.36,48,1,1,22,4,3,1,1,2,2,44
223,0,2,3,0,0,0,0,0,0,0,1,1,22,4,3,1,1,2,2,44
231,1,3,1,1,0,0,0,1,0.49,91,1,1,22,4,3,1,1,2,2,44
232,0,3,2,0,1,0,0,1,0.36,48,1,1,22,4,3,1,1,2,2,44
233,0,3,3,0,0,0,0,0,0,0,1,1,22,4,3,1,1,2,2,44
241,1,4,1,1,0,0,0,1,1.68,26,1,1,22,4,3,1,1,2,2,44
242,0,4,2,0,1,0,1,0,0.36,57,1,1,22,4,3,1,1,2,2,44
243,0,4,3,0,0,0,0,0,0,0,1,1,22,4,3,1,1,2,2,44
261,1,6,1,1,0,0,0,1,1.68,91,1,1,22,4,3,1,1,2,2,44
262,0,6,2,0,1,1,0,0,1.06,20,1,1,22,4,3,1,1,2,2,44
263,0,6,3,0,0,0,0,0,0,0,1,1,22,4,3,1,1,2,2,44
271,1,7,1,1,0,1,0,0,1.68,167,1,1,22,4,3,1,1,2,2,44
272,0,7,2,0,1,1,0,0,0.89,57,1,1,22,4,3,1,1,2,2,44
273,0,7,3,0,0,0,0,0,0,0,1,1,22,4,3,1,1,2,2,44
281,1,8,1,1,0,0,1,0,0.49,26,1,1,22,4,3,1,1,2,2,44
282,0,8,2,0,1,0,0,1,0.89,57,1,1,22,4,3,1,1,2,2,44
283,0,8,3,0,0,0,0,0,0,0,1,1,22,4,3,1,1,2,2,44
291,1,9,1,1,0,0,1,0,0.49,167,1,1,22,4,3,1,1,2,2,44
292,0,9,2,0,1,1,0,0,1.06,48,1,1,22,4,3,1,1,2,2,44
293,0,9,3,0,0,0,0,0,0,0,1,1,22,4,3,1,1,2,2,44
111,0,1,1,1,0,0,1,0,1.68,91,1,3,37,5,1,1,1,5,10,45
112,1,1,2,0,1,0,1,0,0.89,48,1,3,37,5,1,1,1,5,10,45
113,0,1,3,0,0,0,0,0,0,0,1,3,37,5,1,1,1,5,10,45
121,0,2,1,1,0,1,0,0,1.68,26,1,3,37,5,1,1,1,5,10,45
122,1,2,2,0,1,0,0,1,1.06,48,1,3,37,5,1,1,1,5,10,45
123,0,2,3,0,0,0,0,0,0,0,1,3,37,5,1,1,1,5,10,45
131,0,3,1,1,0,0,1,0,1.68,167,1,3,37,5,1,1,1,5,10,45
132,1,3,2,0,1,0,0,1,0.36,20,1,3,37,5,1,1,1,5,10,45
133,0,3,3,0,0,0,0,0,0,0,1,3,37,5,1,1,1,5,10,45
141,1,4,1,1,0,0,0,1,3.09,26,1,3,37,5,1,1,1,5,10,45
142,0,4,2,0,1,1,0,0,0.89,48,1,3,37,5,1,1,1,5,10,45
143,0,4,3,0,0,0,0,0,0,0,1,3,37,5,1,1,1,5,10,45
151,0,5,1,1,0,1,0,0,0.49,91,1,3,37,5,1,1,1,5,10,45
152,1,5,2,0,1,0,1,0,1.06,57,1,3,37,5,1,1,1,5,10,45
153,0,5,3,0,0,0,0,0,0,0,1,3,37,5,1,1,1,5,10,45
161,0,6,1,1,0,0,0,1,0.49,167,1,3,37,5,1,1,1,5,10,45
162,1,6,2,0,1,0,1,0,0.89,20,1,3,37,5,1,1,1,5,10,45
163,0,6,3,0,0,0,0,0,0,0,1,3,37,5,1,1,1,5,10,45
171,0,7,1,1,0,0,0,1,3.09,167,1,3,37,5,1,1,1,5,10,45
172,1,7,2,0,1,0,0,1,1.06,57,1,3,37,5,1,1,1,5,10,45
173,0,7,3,0,0,0,0,0,0,0,1,3,37,5,1,1,1,5,10,45
181,0,8,1,1,0,1,0,0,0.49,26,1,3,37,5,1,1,1,5,10,45
182,1,8,2,0,1,1,0,0,0.36,20,1,3,37,5,1,1,1,5,10,45
183,0,8,3,0,0,0,0,0,0,0,1,3,37,5,1,1,1,5,10,45
191,0,9,1,1,0,0,1,0,3.09,91,1,3,37,5,1,1,1,5,10,45
192,1,9,2,0,1,1,0,0,0.36,57,1,3,37,5,1,1,1,5,10,45
193,0,9,3,0,0,0,0,0,0,0,1,3,37,5,1,1,1,5,10,45
211,1,1,1,1,0,1,0,0,3.09,91,1,2,33,4,1,6,1,5,10,46
212,0,1,2,0,1,0,0,1,0.89,20,1,2,33,4,1,6,1,5,10,46
213,0,1,3,0,0,0,0,0,0,0,1,2,33,4,1,6,1,5,10,46
231,0,3,1,1,0,0,0,1,0.49,91,1,2,33,4,1,6,1,5,10,46
232,1,3,2,0,1,0,0,1,0.36,48,1,2,33,4,1,6,1,5,10,46
233,0,3,3,0,0,0,0,0,0,0,1,2,33,4,1,6,1,5,10,46
241,1,4,1,1,0,0,0,1,1.68,26,1,2,33,4,1,6,1,5,10,46
242,0,4,2,0,1,0,1,0,0.36,57,1,2,33,4,1,6,1,5,10,46
243,0,4,3,0,0,0,0,0,0,0,1,2,33,4,1,6,1,5,10,46
251,1,5,1,1,0,1,1,0,3.09,26,1,2,33,4,1,6,1,5,10,46
252,0,5,2,0,1,0,1,0,1.06,20,1,2,33,4,1,6,1,5,10,46
253,0,5,3,0,0,0,0,0,0,0,1,2,33,4,1,6,1,5,10,46
261,0,6,1,1,0,0,0,1,1.68,91,1,2,33,4,1,6,1,5,10,46
262,1,6,2,0,1,1,0,0,1.06,20,1,2,33,4,1,6,1,5,10,46
263,0,6,3,0,0,0,0,0,0,0,1,2,33,4,1,6,1,5,10,46
271,0,7,1,1,0,1,0,0,1.68,167,1,2,33,4,1,6,1,5,10,46
272,1,7,2,0,1,1,0,0,0.89,57,1,2,33,4,1,6,1,5,10,46
273,0,7,3,0,0,0,0,0,0,0,1,2,33,4,1,6,1,5,10,46
281,0,8,1,1,0,0,1,0,0.49,26,1,2,33,4,1,6,1,5,10,46
282,1,8,2,0,1,0,0,1,0.89,57,1,2,33,4,1,6,1,5,10,46
283,0,8,3,0,0,0,0,0,0,0,1,2,33,4,1,6,1,5,10,46
291,0,9,1,1,0,0,1,0,0.49,167,1,2,33,4,1,6,1,5,10,46
292,1,9,2,0,1,1,0,0,1.06,48,1,2,33,4,1,6,1,5,10,46
293,0,9,3,0,0,0,0,0,0,0,1,2,33,4,1,6,1,5,10,46
111,1,1,1,1,0,0,1,0,1.68,91,0,1,23,5,2,1,1,2,2,47
112,0,1,2,0,1,0,1,0,0.89,48,0,1,23,5,2,1,1,2,2,47
113,0,1,3,0,0,0,0,0,0,0,0,1,23,5,2,1,1,2,2,47
121,0,2,1,1,0,1,0,0,1.68,26,0,1,23,5,2,1,1,2,2,47
122,1,2,2,0,1,0,0,1,1.06,48,0,1,23,5,2,1,1,2,2,47
123,0,2,3,0,0,0,0,0,0,0,0,1,23,5,2,1,1,2,2,47
131,0,3,1,1,0,0,1,0,1.68,167,0,1,23,5,2,1,1,2,2,47
132,1,3,2,0,1,0,0,1,0.36,20,0,1,23,5,2,1,1,2,2,47
133,0,3,3,0,0,0,0,0,0,0,0,1,23,5,2,1,1,2,2,47
141,1,4,1,1,0,0,0,1,3.09,26,0,1,23,5,2,1,1,2,2,47
142,0,4,2,0,1,1,0,0,0.89,48,0,1,23,5,2,1,1,2,2,47
143,0,4,3,0,0,0,0,0,0,0,0,1,23,5,2,1,1,2,2,47
151,1,5,1,1,0,1,0,0,0.49,91,0,1,23,5,2,1,1,2,2,47
152,0,5,2,0,1,0,1,0,1.06,57,0,1,23,5,2,1,1,2,2,47
153,0,5,3,0,0,0,0,0,0,0,0,1,23,5,2,1,1,2,2,47
161,1,6,1,1,0,0,0,1,0.49,167,0,1,23,5,2,1,1,2,2,47
162,0,6,2,0,1,0,1,0,0.89,20,0,1,23,5,2,1,1,2,2,47
163,0,6,3,0,0,0,0,0,0,0,0,1,23,5,2,1,1,2,2,47
171,1,7,1,1,0,0,0,1,3.09,167,0,1,23,5,2,1,1,2,2,47
172,0,7,2,0,1,0,0,1,1.06,57,0,1,23,5,2,1,1,2,2,47
173,0,7,3,0,0,0,0,0,0,0,0,1,23,5,2,1,1,2,2,47
181,0,8,1,1,0,1,0,0,0.49,26,0,1,23,5,2,1,1,2,2,47
182,1,8,2,0,1,1,0,0,0.36,20,0,1,23,5,2,1,1,2,2,47
183,0,8,3,0,0,0,0,0,0,0,0,1,23,5,2,1,1,2,2,47
191,0,9,1,1,0,0,1,0,3.09,91,0,1,23,5,2,1,1,2,2,47
192,1,9,2,0,1,1,0,0,0.36,57,0,1,23,5,2,1,1,2,2,47
193,0,9,3,0,0,0,0,0,0,0,0,1,23,5,2,1,1,2,2,47
211,0,1,1,1,0,1,0,0,3.09,91,1,1,24,3,1,2,1,2,5,48
212,1,1,2,0,1,0,0,1,0.89,20,1,1,24,3,1,2,1,2,5,48
213,0,1,3,0,0,0,0,0,0,0,1,1,24,3,1,2,1,2,5,48
221,0,2,1,1,0,1,0,0,3.09,26,1,1,24,3,1,2,1,2,5,48
222,1,2,2,0,1,0,1,0,0.36,48,1,1,24,3,1,2,1,2,5,48
223,0,2,3,0,0,0,0,0,0,0,1,1,24,3,1,2,1,2,5,48
231,0,3,1,1,0,0,0,1,0.49,91,1,1,24,3,1,2,1,2,5,48
232,1,3,2,0,1,0,0,1,0.36,48,1,1,24,3,1,2,1,2,5,48
233,0,3,3,0,0,0,0,0,0,0,1,1,24,3,1,2,1,2,5,48
241,1,4,1,1,0,0,0,1,1.68,26,1,1,24,3,1,2,1,2,5,48
242,0,4,2,0,1,0,1,0,0.36,57,1,1,24,3,1,2,1,2,5,48
243,0,4,3,0,0,0,0,0,0,0,1,1,24,3,1,2,1,2,5,48
251,0,5,1,1,0,1,1,0,3.09,26,1,1,24,3,1,2,1,2,5,48
252,1,5,2,0,1,0,1,0,1.06,20,1,1,24,3,1,2,1,2,5,48
253,0,5,3,0,0,0,0,0,0,0,1,1,24,3,1,2,1,2,5,48
261,1,6,1,1,0,0,0,1,1.68,91,1,1,24,3,1,2,1,2,5,48
262,0,6,2,0,1,1,0,0,1.06,20,1,1,24,3,1,2,1,2,5,48
263,0,6,3,0,0,0,0,0,0,0,1,1,24,3,1,2,1,2,5,48
271,0,7,1,1,0,1,0,0,1.68,167,1,1,24,3,1,2,1,2,5,48
272,1,7,2,0,1,1,0,0,0.89,57,1,1,24,3,1,2,1,2,5,48
273,0,7,3,0,0,0,0,0,0,0,1,1,24,3,1,2,1,2,5,48
281,0,8,1,1,0,0,1,0,0.49,26,1,1,24,3,1,2,1,2,5,48
282,1,8,2,0,1,0,0,1,0.89,57,1,1,24,3,1,2,1,2,5,48
283,0,8,3,0,0,0,0,0,0,0,1,1,24,3,1,2,1,2,5,48
291,1,9,1,1,0,0,1,0,0.49,167,1,1,24,3,1,2,1,2,5,48
292,0,9,2,0,1,1,0,0,1.06,48,1,1,24,3,1,2,1,2,5,48
293,0,9,3,0,0,0,0,0,0,0,1,1,24,3,1,2,1,2,5,48
211,0,1,1,1,0,1,0,0,3.09,91,1,3,36,5,1,6,1,7,8,49
212,1,1,2,0,1,0,0,1,0.89,20,1,3,36,5,1,6,1,7,8,49
213,0,1,3,0,0,0,0,0,0,0,1,3,36,5,1,6,1,7,8,49
221,0,2,1,1,0,1,0,0,3.09,26,1,3,36,5,1,6,1,7,8,49
222,0,2,2,0,1,0,1,0,0.36,48,1,3,36,5,1,6,1,7,8,49
223,1,2,3,0,0,0,0,0,0,0,1,3,36,5,1,6,1,7,8,49
231,0,3,1,1,0,0,0,1,0.49,91,1,3,36,5,1,6,1,7,8,49
232,1,3,2,0,1,0,0,1,0.36,48,1,3,36,5,1,6,1,7,8,49
233,0,3,3,0,0,0,0,0,0,0,1,3,36,5,1,6,1,7,8,49
241,0,4,1,1,0,0,0,1,1.68,26,1,3,36,5,1,6,1,7,8,49
242,0,4,2,0,1,0,1,0,0.36,57,1,3,36,5,1,6,1,7,8,49
243,1,4,3,0,0,0,0,0,0,0,1,3,36,5,1,6,1,7,8,49
251,0,5,1,1,0,1,1,0,3.09,26,1,3,36,5,1,6,1,7,8,49
252,1,5,2,0,1,0,1,0,1.06,20,1,3,36,5,1,6,1,7,8,49
253,0,5,3,0,0,0,0,0,0,0,1,3,36,5,1,6,1,7,8,49
261,0,6,1,1,0,0,0,1,1.68,91,1,3,36,5,1,6,1,7,8,49
262,0,6,2,0,1,1,0,0,1.06,20,1,3,36,5,1,6,1,7,8,49
263,1,6,3,0,0,0,0,0,0,0,1,3,36,5,1,6,1,7,8,49
271,0,7,1,1,0,1,0,0,1.68,167,1,3,36,5,1,6,1,7,8,49
272,0,7,2,0,1,1,0,0,0.89,57,1,3,36,5,1,6,1,7,8,49
273,1,7,3,0,0,0,0,0,0,0,1,3,36,5,1,6,1,7,8,49
281,0,8,1,1,0,0,1,0,0.49,26,1,3,36,5,1,6,1,7,8,49
282,1,8,2,0,1,0,0,1,0.89,57,1,3,36,5,1,6,1,7,8,49
283,0,8,3,0,0,0,0,0,0,0,1,3,36,5,1,6,1,7,8,49
291,0,9,1,1,0,0,1,0,0.49,167,1,3,36,5,1,6,1,7,8,49
292,0,9,2,0,1,1,0,0,1.06,48,1,3,36,5,1,6,1,7,8,49
293,1,9,3,0,0,0,0,0,0,0,1,3,36,5,1,6,1,7,8,49
211,1,1,1,1,0,1,0,0,3.09,91,0,1,24,3,2,6,2,1,4,50
212,0,1,2,0,1,0,0,1,0.89,20,0,1,24,3,2,6,2,1,4,50
213,0,1,3,0,0,0,0,0,0,0,0,1,24,3,2,6,2,1,4,50
221,1,2,1,1,0,1,0,0,3.09,26,0,1,24,3,2,6,2,1,4,50
222,0,2,2,0,1,0,1,0,0.36,48,0,1,24,3,2,6,2,1,4,50
223,0,2,3,0,0,0,0,0,0,0,0,1,24,3,2,6,2,1,4,50
231,1,3,1,1,0,0,0,1,0.49,91,0,1,24,3,2,6,2,1,4,50
232,0,3,2,0,1,0,0,1,0.36,48,0,1,24,3,2,6,2,1,4,50
233,0,3,3,0,0,0,0,0,0,0,0,1,24,3,2,6,2,1,4,50
241,1,4,1,1,0,0,0,1,1.68,26,0,1,24,3,2,6,2,1,4,50
242,0,4,2,0,1,0,1,0,0.36,57,0,1,24,3,2,6,2,1,4,50
243,0,4,3,0,0,0,0,0,0,0,0,1,24,3,2,6,2,1,4,50
251,1,5,1,1,0,1,1,0,3.09,26,0,1,24,3,2,6,2,1,4,50
252,0,5,2,0,1,0,1,0,1.06,20,0,1,24,3,2,6,2,1,4,50
253,0,5,3,0,0,0,0,0,0,0,0,1,24,3,2,6,2,1,4,50
261,0,6,1,1,0,0,0,1,1.68,91,0,1,24,3,2,6,2,1,4,50
262,1,6,2,0,1,1,0,0,1.06,20,0,1,24,3,2,6,2,1,4,50
263,0,6,3,0,0,0,0,0,0,0,0,1,24,3,2,6,2,1,4,50
271,1,7,1,1,0,1,0,0,1.68,167,0,1,24,3,2,6,2,1,4,50
272,0,7,2,0,1,1,0,0,0.89,57,0,1,24,3,2,6,2,1,4,50
273,0,7,3,0,0,0,0,0,0,0,0,1,24,3,2,6,2,1,4,50
281,0,8,1,1,0,0,1,0,0.49,26,0,1,24,3,2,6,2,1,4,50
282,1,8,2,0,1,0,0,1,0.89,57,0,1,24,3,2,6,2,1,4,50
283,0,8,3,0,0,0,0,0,0,0,0,1,24,3,2,6,2,1,4,50
291,0,9,1,1,0,0,1,0,0.49,167,0,1,24,3,2,6,2,1,4,50
292,1,9,2,0,1,1,0,0,1.06,48,0,1,24,3,2,6,2,1,4,50
293,0,9,3,0,0,0,0,0,0,0,0,1,24,3,2,6,2,1,4,50
111,0,1,1,1,0,0,1,0,1.68,91,0,1,19,3,2,6,2,1,2,51
112,1,1,2,0,1,0,1,0,0.89,48,0,1,19,3,2,6,2,1,2,51
113,0,1,3,0,0,0,0,0,0,0,0,1,19,3,2,6,2,1,2,51
121,0,2,1,1,0,1,0,0,1.68,26,0,1,19,3,2,6,2,1,2,51
122,1,2,2,0,1,0,0,1,1.06,48,0,1,19,3,2,6,2,1,2,51
123,0,2,3,0,0,0,0,0,0,0,0,1,19,3,2,6,2,1,2,51
131,0,3,1,1,0,0,1,0,1.68,167,0,1,19,3,2,6,2,1,2,51
132,1,3,2,0,1,0,0,1,0.36,20,0,1,19,3,2,6,2,1,2,51
133,0,3,3,0,0,0,0,0,0,0,0,1,19,3,2,6,2,1,2,51
141,0,4,1,1,0,0,0,1,3.09,26,0,1,19,3,2,6,2,1,2,51
142,1,4,2,0,1,1,0,0,0.89,48,0,1,19,3,2,6,2,1,2,51
143,0,4,3,0,0,0,0,0,0,0,0,1,19,3,2,6,2,1,2,51
151,0,5,1,1,0,1,0,0,0.49,91,0,1,19,3,2,6,2,1,2,51
152,1,5,2,0,1,0,1,0,1.06,57,0,1,19,3,2,6,2,1,2,51
153,0,5,3,0,0,0,0,0,0,0,0,1,19,3,2,6,2,1,2,51
161,0,6,1,1,0,0,0,1,0.49,167,0,1,19,3,2,6,2,1,2,51
162,1,6,2,0,1,0,1,0,0.89,20,0,1,19,3,2,6,2,1,2,51
163,0,6,3,0,0,0,0,0,0,0,0,1,19,3,2,6,2,1,2,51
171,0,7,1,1,0,0,0,1,3.09,167,0,1,19,3,2,6,2,1,2,51
172,1,7,2,0,1,0,0,1,1.06,57,0,1,19,3,2,6,2,1,2,51
173,0,7,3,0,0,0,0,0,0,0,0,1,19,3,2,6,2,1,2,51
181,1,8,1,1,0,1,0,0,0.49,26,0,1,19,3,2,6,2,1,2,51
182,0,8,2,0,1,1,0,0,0.36,20,0,1,19,3,2,6,2,1,2,51
183,0,8,3,0,0,0,0,0,0,0,0,1,19,3,2,6,2,1,2,51
191,0,9,1,1,0,0,1,0,3.09,91,0,1,19,3,2,6,2,1,2,51
192,1,9,2,0,1,1,0,0,0.36,57,0,1,19,3,2,6,2,1,2,51
193,0,9,3,0,0,0,0,0,0,0,0,1,19,3,2,6,2,1,2,51
111,1,1,1,1,0,0,1,0,1.68,91,1,2,25,5,1,2,1,2,3,52
112,0,1,2,0,1,0,1,0,0.89,48,1,2,25,5,1,2,1,2,3,52
113,0,1,3,0,0,0,0,0,0,0,1,2,25,5,1,2,1,2,3,52
121,1,2,1,1,0,1,0,0,1.68,26,1,2,25,5,1,2,1,2,3,52
122,0,2,2,0,1,0,0,1,1.06,48,1,2,25,5,1,2,1,2,3,52
123,0,2,3,0,0,0,0,0,0,0,1,2,25,5,1,2,1,2,3,52
131,1,3,1,1,0,0,1,0,1.68,167,1,2,25,5,1,2,1,2,3,52
132,0,3,2,0,1,0,0,1,0.36,20,1,2,25,5,1,2,1,2,3,52
133,0,3,3,0,0,0,0,0,0,0,1,2,25,5,1,2,1,2,3,52
141,1,4,1,1,0,0,0,1,3.09,26,1,2,25,5,1,2,1,2,3,52
142,0,4,2,0,1,1,0,0,0.89,48,1,2,25,5,1,2,1,2,3,52
143,0,4,3,0,0,0,0,0,0,0,1,2,25,5,1,2,1,2,3,52
151,1,5,1,1,0,1,0,0,0.49,91,1,2,25,5,1,2,1,2,3,52
152,0,5,2,0,1,0,1,0,1.06,57,1,2,25,5,1,2,1,2,3,52
153,0,5,3,0,0,0,0,0,0,0,1,2,25,5,1,2,1,2,3,52
161,1,6,1,1,0,0,0,1,0.49,167,1,2,25,5,1,2,1,2,3,52
162,0,6,2,0,1,0,1,0,0.89,20,1,2,25,5,1,2,1,2,3,52
163,0,6,3,0,0,0,0,0,0,0,1,2,25,5,1,2,1,2,3,52
171,1,7,1,1,0,0,0,1,3.09,167,1,2,25,5,1,2,1,2,3,52
172,0,7,2,0,1,0,0,1,1.06,57,1,2,25,5,1,2,1,2,3,52
173,0,7,3,0,0,0,0,0,0,0,1,2,25,5,1,2,1,2,3,52
181,1,8,1,1,0,1,0,0,0.49,26,1,2,25,5,1,2,1,2,3,52
182,0,8,2,0,1,1,0,0,0.36,20,1,2,25,5,1,2,1,2,3,52
183,0,8,3,0,0,0,0,0,0,0,1,2,25,5,1,2,1,2,3,52
191,1,9,1,1,0,0,1,0,3.09,91,1,2,25,5,1,2,1,2,3,52
192,0,9,2,0,1,1,0,0,0.36,57,1,2,25,5,1,2,1,2,3,52
193,0,9,3,0,0,0,0,0,0,0,1,2,25,5,1,2,1,2,3,52
111,0,1,1,1,0,0,1,0,1.68,91,0,2,27,5,2,1,2,1,3,53
112,1,1,2,0,1,0,1,0,0.89,48,0,2,27,5,2,1,2,1,3,53
113,0,1,3,0,0,0,0,0,0,0,0,2,27,5,2,1,2,1,3,53
121,1,2,1,1,0,1,0,0,1.68,26,0,2,27,5,2,1,2,1,3,53
122,0,2,2,0,1,0,0,1,1.06,48,0,2,27,5,2,1,2,1,3,53
123,0,2,3,0,0,0,0,0,0,0,0,2,27,5,2,1,2,1,3,53
131,0,3,1,1,0,0,1,0,1.68,167,0,2,27,5,2,1,2,1,3,53
132,0,3,2,0,1,0,0,1,0.36,20,0,2,27,5,2,1,2,1,3,53
133,1,3,3,0,0,0,0,0,0,0,0,2,27,5,2,1,2,1,3,53
141,1,4,1,1,0,0,0,1,3.09,26,0,2,27,5,2,1,2,1,3,53
142,0,4,2,0,1,1,0,0,0.89,48,0,2,27,5,2,1,2,1,3,53
143,0,4,3,0,0,0,0,0,0,0,0,2,27,5,2,1,2,1,3,53
151,0,5,1,1,0,1,0,0,0.49,91,0,2,27,5,2,1,2,1,3,53
152,1,5,2,0,1,0,1,0,1.06,57,0,2,27,5,2,1,2,1,3,53
153,0,5,3,0,0,0,0,0,0,0,0,2,27,5,2,1,2,1,3,53
161,1,6,1,1,0,0,0,1,0.49,167,0,2,27,5,2,1,2,1,3,53
162,0,6,2,0,1,0,1,0,0.89,20,0,2,27,5,2,1,2,1,3,53
163,0,6,3,0,0,0,0,0,0,0,0,2,27,5,2,1,2,1,3,53
171,0,7,1,1,0,0,0,1,3.09,167,0,2,27,5,2,1,2,1,3,53
172,1,7,2,0,1,0,0,1,1.06,57,0,2,27,5,2,1,2,1,3,53
173,0,7,3,0,0,0,0,0,0,0,0,2,27,5,2,1,2,1,3,53
181,0,8,1,1,0,1,0,0,0.49,26,0,2,27,5,2,1,2,1,3,53
182,1,8,2,0,1,1,0,0,0.36,20,0,2,27,5,2,1,2,1,3,53
183,0,8,3,0,0,0,0,0,0,0,0,2,27,5,2,1,2,1,3,53
191,1,9,1,1,0,0,1,0,3.09,91,0,2,27,5,2,1,2,1,3,53
192,0,9,2,0,1,1,0,0,0.36,57,0,2,27,5,2,1,2,1,3,53
193,0,9,3,0,0,0,0,0,0,0,0,2,27,5,2,1,2,1,3,53
211,0,1,1,1,0,1,0,0,3.09,91,0,0,0,8,2,1,2,0,0,54
212,1,1,2,0,1,0,0,1,0.89,20,0,0,0,8,2,1,2,0,0,54
213,0,1,3,0,0,0,0,0,0,0,0,0,0,8,2,1,2,0,0,54
221,0,2,1,1,0,1,0,0,3.09,26,0,0,0,8,2,1,2,0,0,54
222,1,2,2,0,1,0,1,0,0.36,48,0,0,0,8,2,1,2,0,0,54
223,0,2,3,0,0,0,0,0,0,0,0,0,0,8,2,1,2,0,0,54
231,0,3,1,1,0,0,0,1,0.49,91,0,0,0,8,2,1,2,0,0,54
232,1,3,2,0,1,0,0,1,0.36,48,0,0,0,8,2,1,2,0,0,54
233,0,3,3,0,0,0,0,0,0,0,0,0,0,8,2,1,2,0,0,54
241,1,4,1,1,0,0,0,1,1.68,26,0,0,0,8,2,1,2,0,0,54
242,0,4,2,0,1,0,1,0,0.36,57,0,0,0,8,2,1,2,0,0,54
243,0,4,3,0,0,0,0,0,0,0,0,0,0,8,2,1,2,0,0,54
251,0,5,1,1,0,1,1,0,3.09,26,0,0,0,8,2,1,2,0,0,54
252,1,5,2,0,1,0,1,0,1.06,20,0,0,0,8,2,1,2,0,0,54
253,0,5,3,0,0,0,0,0,0,0,0,0,0,8,2,1,2,0,0,54
261,0,6,1,1,0,0,0,1,1.68,91,0,0,0,8,2,1,2,0,0,54
262,0,6,2,0,1,1,0,0,1.06,20,0,0,0,8,2,1,2,0,0,54
263,1,6,3,0,0,0,0,0,0,0,0,0,0,8,2,1,2,0,0,54
271,0,7,1,1,0,1,0,0,1.68,167,0,0,0,8,2,1,2,0,0,54
272,0,7,2,0,1,1,0,0,0.89,57,0,0,0,8,2,1,2,0,0,54
273,1,7,3,0,0,0,0,0,0,0,0,0,0,8,2,1,2,0,0,54
281,0,8,1,1,0,0,1,0,0.49,26,0,0,0,8,2,1,2,0,0,54
282,1,8,2,0,1,0,0,1,0.89,57,0,0,0,8,2,1,2,0,0,54
283,0,8,3,0,0,0,0,0,0,0,0,0,0,8,2,1,2,0,0,54
291,0,9,1,1,0,0,1,0,0.49,167,0,0,0,8,2,1,2,0,0,54
292,0,9,2,0,1,1,0,0,1.06,48,0,0,0,8,2,1,2,0,0,54
293,1,9,3,0,0,0,0,0,0,0,0,0,0,8,2,1,2,0,0,54
111,0,1,1,1,0,0,1,0,1.68,91,0,1,19,3,2,6,2,6,10,55
112,1,1,2,0,1,0,1,0,0.89,48,0,1,19,3,2,6,2,6,10,55
113,0,1,3,0,0,0,0,0,0,0,0,1,19,3,2,6,2,6,10,55
121,1,2,1,1,0,1,0,0,1.68,26,0,1,19,3,2,6,2,6,10,55
122,0,2,2,0,1,0,0,1,1.06,48,0,1,19,3,2,6,2,6,10,55
123,0,2,3,0,0,0,0,0,0,0,0,1,19,3,2,6,2,6,10,55
131,0,3,1,1,0,0,1,0,1.68,167,0,1,19,3,2,6,2,6,10,55
132,1,3,2,0,1,0,0,1,0.36,20,0,1,19,3,2,6,2,6,10,55
133,0,3,3,0,0,0,0,0,0,0,0,1,19,3,2,6,2,6,10,55
141,0,4,1,1,0,0,0,1,3.09,26,0,1,19,3,2,6,2,6,10,55
142,1,4,2,0,1,1,0,0,0.89,48,0,1,19,3,2,6,2,6,10,55
143,0,4,3,0,0,0,0,0,0,0,0,1,19,3,2,6,2,6,10,55
151,0,5,1,1,0,1,0,0,0.49,91,0,1,19,3,2,6,2,6,10,55
152,1,5,2,0,1,0,1,0,1.06,57,0,1,19,3,2,6,2,6,10,55
153,0,5,3,0,0,0,0,0,0,0,0,1,19,3,2,6,2,6,10,55
161,0,6,1,1,0,0,0,1,0.49,167,0,1,19,3,2,6,2,6,10,55
162,1,6,2,0,1,0,1,0,0.89,20,0,1,19,3,2,6,2,6,10,55
163,0,6,3,0,0,0,0,0,0,0,0,1,19,3,2,6,2,6,10,55
171,0,7,1,1,0,0,0,1,3.09,167,0,1,19,3,2,6,2,6,10,55
172,1,7,2,0,1,0,0,1,1.06,57,0,1,19,3,2,6,2,6,10,55
173,0,7,3,0,0,0,0,0,0,0,0,1,19,3,2,6,2,6,10,55
181,0,8,1,1,0,1,0,0,0.49,26,0,1,19,3,2,6,2,6,10,55
182,1,8,2,0,1,1,0,0,0.36,20,0,1,19,3,2,6,2,6,10,55
183,0,8,3,0,0,0,0,0,0,0,0,1,19,3,2,6,2,6,10,55
191,0,9,1,1,0,0,1,0,3.09,91,0,1,19,3,2,6,2,6,10,55
192,1,9,2,0,1,1,0,0,0.36,57,0,1,19,3,2,6,2,6,10,55
193,0,9,3,0,0,0,0,0,0,0,0,1,19,3,2,6,2,6,10,55
211,0,1,1,1,0,1,0,0,3.09,91,1,4,50,5,1,2,1,4,11,56
212,1,1,2,0,1,0,0,1,0.89,20,1,4,50,5,1,2,1,4,11,56
213,0,1,3,0,0,0,0,0,0,0,1,4,50,5,1,2,1,4,11,56
221,0,2,1,1,0,1,0,0,3.09,26,1,4,50,5,1,2,1,4,11,56
222,1,2,2,0,1,0,1,0,0.36,48,1,4,50,5,1,2,1,4,11,56
223,0,2,3,0,0,0,0,0,0,0,1,4,50,5,1,2,1,4,11,56
231,0,3,1,1,0,0,0,1,0.49,91,1,4,50,5,1,2,1,4,11,56
232,1,3,2,0,1,0,0,1,0.36,48,1,4,50,5,1,2,1,4,11,56
233,0,3,3,0,0,0,0,0,0,0,1,4,50,5,1,2,1,4,11,56
241,0,4,1,1,0,0,0,1,1.68,26,1,4,50,5,1,2,1,4,11,56
242,1,4,2,0,1,0,1,0,0.36,57,1,4,50,5,1,2,1,4,11,56
243,0,4,3,0,0,0,0,0,0,0,1,4,50,5,1,2,1,4,11,56
251,0,5,1,1,0,1,1,0,3.09,26,1,4,50,5,1,2,1,4,11,56
252,1,5,2,0,1,0,1,0,1.06,20,1,4,50,5,1,2,1,4,11,56
253,0,5,3,0,0,0,0,0,0,0,1,4,50,5,1,2,1,4,11,56
261,0,6,1,1,0,0,0,1,1.68,91,1,4,50,5,1,2,1,4,11,56
262,1,6,2,0,1,1,0,0,1.06,20,1,4,50,5,1,2,1,4,11,56
263,0,6,3,0,0,0,0,0,0,0,1,4,50,5,1,2,1,4,11,56
271,0,7,1,1,0,1,0,0,1.68,167,1,4,50,5,1,2,1,4,11,56
272,1,7,2,0,1,1,0,0,0.89,57,1,4,50,5,1,2,1,4,11,56
273,0,7,3,0,0,0,0,0,0,0,1,4,50,5,1,2,1,4,11,56
281,0,8,1,1,0,0,1,0,0.49,26,1,4,50,5,1,2,1,4,11,56
282,1,8,2,0,1,0,0,1,0.89,57,1,4,50,5,1,2,1,4,11,56
283,0,8,3,0,0,0,0,0,0,0,1,4,50,5,1,2,1,4,11,56
291,0,9,1,1,0,0,1,0,0.49,167,1,4,50,5,1,2,1,4,11,56
292,1,9,2,0,1,1,0,0,1.06,48,1,4,50,5,1,2,1,4,11,56
293,0,9,3,0,0,0,0,0,0,0,1,4,50,5,1,2,1,4,11,56
211,0,1,1,1,0,1,0,0,3.09,91,0,1,24,3,2,1,1,2,2,57
212,0,1,2,0,1,0,0,1,0.89,20,0,1,24,3,2,1,1,2,2,57
213,1,1,3,0,0,0,0,0,0,0,0,1,24,3,2,1,1,2,2,57
221,0,2,1,1,0,1,0,0,3.09,26,0,1,24,3,2,1,1,2,2,57
222,0,2,2,0,1,0,1,0,0.36,48,0,1,24,3,2,1,1,2,2,57
223,1,2,3,0,0,0,0,0,0,0,0,1,24,3,2,1,1,2,2,57
231,0,3,1,1,0,0,0,1,0.49,91,0,1,24,3,2,1,1,2,2,57
232,0,3,2,0,1,0,0,1,0.36,48,0,1,24,3,2,1,1,2,2,57
233,1,3,3,0,0,0,0,0,0,0,0,1,24,3,2,1,1,2,2,57
241,0,4,1,1,0,0,0,1,1.68,26,0,1,24,3,2,1,1,2,2,57
242,0,4,2,0,1,0,1,0,0.36,57,0,1,24,3,2,1,1,2,2,57
243,1,4,3,0,0,0,0,0,0,0,0,1,24,3,2,1,1,2,2,57
251,0,5,1,1,0,1,1,0,3.09,26,0,1,24,3,2,1,1,2,2,57
252,0,5,2,0,1,0,1,0,1.06,20,0,1,24,3,2,1,1,2,2,57
253,1,5,3,0,0,0,0,0,0,0,0,1,24,3,2,1,1,2,2,57
261,0,6,1,1,0,0,0,1,1.68,91,0,1,24,3,2,1,1,2,2,57
262,0,6,2,0,1,1,0,0,1.06,20,0,1,24,3,2,1,1,2,2,57
263,1,6,3,0,0,0,0,0,0,0,0,1,24,3,2,1,1,2,2,57
271,0,7,1,1,0,1,0,0,1.68,167,0,1,24,3,2,1,1,2,2,57
272,0,7,2,0,1,1,0,0,0.89,57,0,1,24,3,2,1,1,2,2,57
273,1,7,3,0,0,0,0,0,0,0,0,1,24,3,2,1,1,2,2,57
281,0,8,1,1,0,0,1,0,0.49,26,0,1,24,3,2,1,1,2,2,57
282,0,8,2,0,1,0,0,1,0.89,57,0,1,24,3,2,1,1,2,2,57
283,1,8,3,0,0,0,0,0,0,0,0,1,24,3,2,1,1,2,2,57
291,0,9,1,1,0,0,1,0,0.49,167,0,1,24,3,2,1,1,2,2,57
292,0,9,2,0,1,1,0,0,1.06,48,0,1,24,3,2,1,1,2,2,57
293,1,9,3,0,0,0,0,0,0,0,0,1,24,3,2,1,1,2,2,57
211,1,1,1,1,0,1,0,0,3.09,91,1,2,25,5,1,6,1,4,2,58
212,0,1,2,0,1,0,0,1,0.89,20,1,2,25,5,1,6,1,4,2,58
213,0,1,3,0,0,0,0,0,0,0,1,2,25,5,1,6,1,4,2,58
221,1,2,1,1,0,1,0,0,3.09,26,1,2,25,5,1,6,1,4,2,58
222,0,2,2,0,1,0,1,0,0.36,48,1,2,25,5,1,6,1,4,2,58
223,0,2,3,0,0,0,0,0,0,0,1,2,25,5,1,6,1,4,2,58
231,1,3,1,1,0,0,0,1,0.49,91,1,2,25,5,1,6,1,4,2,58
232,0,3,2,0,1,0,0,1,0.36,48,1,2,25,5,1,6,1,4,2,58
233,0,3,3,0,0,0,0,0,0,0,1,2,25,5,1,6,1,4,2,58
241,1,4,1,1,0,0,0,1,1.68,26,1,2,25,5,1,6,1,4,2,58
242,0,4,2,0,1,0,1,0,0.36,57,1,2,25,5,1,6,1,4,2,58
243,0,4,3,0,0,0,0,0,0,0,1,2,25,5,1,6,1,4,2,58
251,0,5,1,1,0,1,1,0,3.09,26,1,2,25,5,1,6,1,4,2,58
252,1,5,2,0,1,0,1,0,1.06,20,1,2,25,5,1,6,1,4,2,58
253,0,5,3,0,0,0,0,0,0,0,1,2,25,5,1,6,1,4,2,58
261,0,6,1,1,0,0,0,1,1.68,91,1,2,25,5,1,6,1,4,2,58
262,1,6,2,0,1,1,0,0,1.06,20,1,2,25,5,1,6,1,4,2,58
263,0,6,3,0,0,0,0,0,0,0,1,2,25,5,1,6,1,4,2,58
271,0,7,1,1,0,1,0,0,1.68,167,1,2,25,5,1,6,1,4,2,58
272,1,7,2,0,1,1,0,0,0.89,57,1,2,25,5,1,6,1,4,2,58
273,0,7,3,0,0,0,0,0,0,0,1,2,25,5,1,6,1,4,2,58
281,0,8,1,1,0,0,1,0,0.49,26,1,2,25,5,1,6,1,4,2,58
282,1,8,2,0,1,0,0,1,0.89,57,1,2,25,5,1,6,1,4,2,58
283,0,8,3,0,0,0,0,0,0,0,1,2,25,5,1,6,1,4,2,58
291,0,9,1,1,0,0,1,0,0.49,167,1,2,25,5,1,6,1,4,2,58
292,1,9,2,0,1,1,0,0,1.06,48,1,2,25,5,1,6,1,4,2,58
293,0,9,3,0,0,0,0,0,0,0,1,2,25,5,1,6,1,4,2,58
111,0,1,1,1,0,0,1,0,1.68,91,1,3,43,3,1,2,1,4,12,59
112,1,1,2,0,1,0,1,0,0.89,48,1,3,43,3,1,2,1,4,12,59
113,0,1,3,0,0,0,0,0,0,0,1,3,43,3,1,2,1,4,12,59
121,0,2,1,1,0,1,0,0,1.68,26,1,3,43,3,1,2,1,4,12,59
122,1,2,2,0,1,0,0,1,1.06,48,1,3,43,3,1,2,1,4,12,59
123,0,2,3,0,0,0,0,0,0,0,1,3,43,3,1,2,1,4,12,59
131,0,3,1,1,0,0,1,0,1.68,167,1,3,43,3,1,2,1,4,12,59
132,1,3,2,0,1,0,0,1,0.36,20,1,3,43,3,1,2,1,4,12,59
133,0,3,3,0,0,0,0,0,0,0,1,3,43,3,1,2,1,4,12,59
141,0,4,1,1,0,0,0,1,3.09,26,1,3,43,3,1,2,1,4,12,59
142,1,4,2,0,1,1,0,0,0.89,48,1,3,43,3,1,2,1,4,12,59
143,0,4,3,0,0,0,0,0,0,0,1,3,43,3,1,2,1,4,12,59
151,0,5,1,1,0,1,0,0,0.49,91,1,3,43,3,1,2,1,4,12,59
152,1,5,2,0,1,0,1,0,1.06,57,1,3,43,3,1,2,1,4,12,59
153,0,5,3,0,0,0,0,0,0,0,1,3,43,3,1,2,1,4,12,59
161,0,6,1,1,0,0,0,1,0.49,167,1,3,43,3,1,2,1,4,12,59
162,1,6,2,0,1,0,1,0,0.89,20,1,3,43,3,1,2,1,4,12,59
163,0,6,3,0,0,0,0,0,0,0,1,3,43,3,1,2,1,4,12,59
171,0,7,1,1,0,0,0,1,3.09,167,1,3,43,3,1,2,1,4,12,59
172,1,7,2,0,1,0,0,1,1.06,57,1,3,43,3,1,2,1,4,12,59
173,0,7,3,0,0,0,0,0,0,0,1,3,43,3,1,2,1,4,12,59
181,0,8,1,1,0,1,0,0,0.49,26,1,3,43,3,1,2,1,4,12,59
182,1,8,2,0,1,1,0,0,0.36,20,1,3,43,3,1,2,1,4,12,59
183,0,8,3,0,0,0,0,0,0,0,1,3,43,3,1,2,1,4,12,59
191,0,9,1,1,0,0,1,0,3.09,91,1,3,43,3,1,2,1,4,12,59
192,1,9,2,0,1,1,0,0,0.36,57,1,3,43,3,1,2,1,4,12,59
193,0,9,3,0,0,0,0,0,0,0,1,3,43,3,1,2,1,4,12,59
111,0,1,1,1,0,0,1,0,1.68,91,0,4,48,4,1,2,1,4,12,60
112,0,1,2,0,1,0,1,0,0.89,48,0,4,48,4,1,2,1,4,12,60
113,1,1,3,0,0,0,0,0,0,0,0,4,48,4,1,2,1,4,12,60
121,0,2,1,1,0,1,0,0,1.68,26,0,4,48,4,1,2,1,4,12,60
122,1,2,2,0,1,0,0,1,1.06,48,0,4,48,4,1,2,1,4,12,60
123,0,2,3,0,0,0,0,0,0,0,0,4,48,4,1,2,1,4,12,60
131,0,3,1,1,0,0,1,0,1.68,167,0,4,48,4,1,2,1,4,12,60
132,1,3,2,0,1,0,0,1,0.36,20,0,4,48,4,1,2,1,4,12,60
133,0,3,3,0,0,0,0,0,0,0,0,4,48,4,1,2,1,4,12,60
141,1,4,1,1,0,0,0,1,3.09,26,0,4,48,4,1,2,1,4,12,60
142,0,4,2,0,1,1,0,0,0.89,48,0,4,48,4,1,2,1,4,12,60
143,0,4,3,0,0,0,0,0,0,0,0,4,48,4,1,2,1,4,12,60
151,0,5,1,1,0,1,0,0,0.49,91,0,4,48,4,1,2,1,4,12,60
152,0,5,2,0,1,0,1,0,1.06,57,0,4,48,4,1,2,1,4,12,60
153,1,5,3,0,0,0,0,0,0,0,0,4,48,4,1,2,1,4,12,60
161,1,6,1,1,0,0,0,1,0.49,167,0,4,48,4,1,2,1,4,12,60
162,0,6,2,0,1,0,1,0,0.89,20,0,4,48,4,1,2,1,4,12,60
163,0,6,3,0,0,0,0,0,0,0,0,4,48,4,1,2,1,4,12,60
171,1,7,1,1,0,0,0,1,3.09,167,0,4,48,4,1,2,1,4,12,60
172,0,7,2,0,1,0,0,1,1.06,57,0,4,48,4,1,2,1,4,12,60
173,0,7,3,0,0,0,0,0,0,0,0,4,48,4,1,2,1,4,12,60
181,0,8,1,1,0,1,0,0,0.49,26,0,4,48,4,1,2,1,4,12,60
182,0,8,2,0,1,1,0,0,0.36,20,0,4,48,4,1,2,1,4,12,60
183,1,8,3,0,0,0,0,0,0,0,0,4,48,4,1,2,1,4,12,60
191,0,9,1,1,0,0,1,0,3.09,91,0,4,48,4,1,2,1,4,12,60
192,0,9,2,0,1,1,0,0,0.36,57,0,4,48,4,1,2,1,4,12,60
193,1,9,3,0,0,0,0,0,0,0,0,4,48,4,1,2,1,4,12,60
211,0,1,1,1,0,1,0,0,3.09,91,1,2,34,5,1,6,1,2,1,61
212,1,1,2,0,1,0,0,1,0.89,20,1,2,34,5,1,6,1,2,1,61
213,0,1,3,0,0,0,0,0,0,0,1,2,34,5,1,6,1,2,1,61
221,1,2,1,1,0,1,0,0,3.09,26,1,2,34,5,1,6,1,2,1,61
222,0,2,2,0,1,0,1,0,0.36,48,1,2,34,5,1,6,1,2,1,61
223,0,2,3,0,0,0,0,0,0,0,1,2,34,5,1,6,1,2,1,61
231,1,3,1,1,0,0,0,1,0.49,91,1,2,34,5,1,6,1,2,1,61
232,0,3,2,0,1,0,0,1,0.36,48,1,2,34,5,1,6,1,2,1,61
233,0,3,3,0,0,0,0,0,0,0,1,2,34,5,1,6,1,2,1,61
241,1,4,1,1,0,0,0,1,1.68,26,1,2,34,5,1,6,1,2,1,61
242,0,4,2,0,1,0,1,0,0.36,57,1,2,34,5,1,6,1,2,1,61
243,0,4,3,0,0,0,0,0,0,0,1,2,34,5,1,6,1,2,1,61
251,0,5,1,1,0,1,1,0,3.09,26,1,2,34,5,1,6,1,2,1,61
252,1,5,2,0,1,0,1,0,1.06,20,1,2,34,5,1,6,1,2,1,61
253,0,5,3,0,0,0,0,0,0,0,1,2,34,5,1,6,1,2,1,61
261,1,6,1,1,0,0,0,1,1.68,91,1,2,34,5,1,6,1,2,1,61
262,0,6,2,0,1,1,0,0,1.06,20,1,2,34,5,1,6,1,2,1,61
263,0,6,3,0,0,0,0,0,0,0,1,2,34,5,1,6,1,2,1,61
271,1,7,1,1,0,1,0,0,1.68,167,1,2,34,5,1,6,1,2,1,61
272,0,7,2,0,1,1,0,0,0.89,57,1,2,34,5,1,6,1,2,1,61
273,0,7,3,0,0,0,0,0,0,0,1,2,34,5,1,6,1,2,1,61
281,0,8,1,1,0,0,1,0,0.49,26,1,2,34,5,1,6,1,2,1,61
282,1,8,2,0,1,0,0,1,0.89,57,1,2,34,5,1,6,1,2,1,61
283,0,8,3,0,0,0,0,0,0,0,1,2,34,5,1,6,1,2,1,61
291,1,9,1,1,0,0,1,0,0.49,167,1,2,34,5,1,6,1,2,1,61
292,0,9,2,0,1,1,0,0,1.06,48,1,2,34,5,1,6,1,2,1,61
293,0,9,3,0,0,0,0,0,0,0,1,2,34,5,1,6,1,2,1,61
111,1,1,1,1,0,0,1,0,1.68,91,0,5,63,5,1,6,1,2,7,62
112,0,1,2,0,1,0,1,0,0.89,48,0,5,63,5,1,6,1,2,7,62
113,0,1,3,0,0,0,0,0,0,0,0,5,63,5,1,6,1,2,7,62
121,1,2,1,1,0,1,0,0,1.68,26,0,5,63,5,1,6,1,2,7,62
122,0,2,2,0,1,0,0,1,1.06,48,0,5,63,5,1,6,1,2,7,62
123,0,2,3,0,0,0,0,0,0,0,0,5,63,5,1,6,1,2,7,62
131,1,3,1,1,0,0,1,0,1.68,167,0,5,63,5,1,6,1,2,7,62
132,0,3,2,0,1,0,0,1,0.36,20,0,5,63,5,1,6,1,2,7,62
133,0,3,3,0,0,0,0,0,0,0,0,5,63,5,1,6,1,2,7,62
141,1,4,1,1,0,0,0,1,3.09,26,0,5,63,5,1,6,1,2,7,62
142,0,4,2,0,1,1,0,0,0.89,48,0,5,63,5,1,6,1,2,7,62
143,0,4,3,0,0,0,0,0,0,0,0,5,63,5,1,6,1,2,7,62
151,0,5,1,1,0,1,0,0,0.49,91,0,5,63,5,1,6,1,2,7,62
152,1,5,2,0,1,0,1,0,1.06,57,0,5,63,5,1,6,1,2,7,62
153,0,5,3,0,0,0,0,0,0,0,0,5,63,5,1,6,1,2,7,62
161,0,6,1,1,0,0,0,1,0.49,167,0,5,63,5,1,6,1,2,7,62
162,1,6,2,0,1,0,1,0,0.89,20,0,5,63,5,1,6,1,2,7,62
163,0,6,3,0,0,0,0,0,0,0,0,5,63,5,1,6,1,2,7,62
171,1,7,1,1,0,0,0,1,3.09,167,0,5,63,5,1,6,1,2,7,62
172,0,7,2,0,1,0,0,1,1.06,57,0,5,63,5,1,6,1,2,7,62
173,0,7,3,0,0,0,0,0,0,0,0,5,63,5,1,6,1,2,7,62
181,1,8,1,1,0,1,0,0,0.49,26,0,5,63,5,1,6,1,2,7,62
182,0,8,2,0,1,1,0,0,0.36,20,0,5,63,5,1,6,1,2,7,62
183,0,8,3,0,0,0,0,0,0,0,0,5,63,5,1,6,1,2,7,62
191,1,9,1,1,0,0,1,0,3.09,91,0,5,63,5,1,6,1,2,7,62
192,0,9,2,0,1,1,0,0,0.36,57,0,5,63,5,1,6,1,2,7,62
193,0,9,3,0,0,0,0,0,0,0,0,5,63,5,1,6,1,2,7,62
111,0,1,1,1,0,0,1,0,1.68,91,0,1,19,3,2,2,2,1,8,63
112,0,1,2,0,1,0,1,0,0.89,48,0,1,19,3,2,2,2,1,8,63
113,1,1,3,0,0,0,0,0,0,0,0,1,19,3,2,2,2,1,8,63
121,0,2,1,1,0,1,0,0,1.68,26,0,1,19,3,2,2,2,1,8,63
122,0,2,2,0,1,0,0,1,1.06,48,0,1,19,3,2,2,2,1,8,63
123,1,2,3,0,0,0,0,0,0,0,0,1,19,3,2,2,2,1,8,63
131,0,3,1,1,0,0,1,0,1.68,167,0,1,19,3,2,2,2,1,8,63
132,0,3,2,0,1,0,0,1,0.36,20,0,1,19,3,2,2,2,1,8,63
133,0,3,3,0,0,0,0,0,0,0,0,1,19,3,2,2,2,1,8,63
141,0,4,1,1,0,0,0,1,3.09,26,0,1,19,3,2,2,2,1,8,63
142,0,4,2,0,1,1,0,0,0.89,48,0,1,19,3,2,2,2,1,8,63
143,1,4,3,0,0,0,0,0,0,0,0,1,19,3,2,2,2,1,8,63
151,0,5,1,1,0,1,0,0,0.49,91,0,1,19,3,2,2,2,1,8,63
152,0,5,2,0,1,0,1,0,1.06,57,0,1,19,3,2,2,2,1,8,63
153,1,5,3,0,0,0,0,0,0,0,0,1,19,3,2,2,2,1,8,63
161,0,6,1,1,0,0,0,1,0.49,167,0,1,19,3,2,2,2,1,8,63
162,0,6,2,0,1,0,1,0,0.89,20,0,1,19,3,2,2,2,1,8,63
163,1,6,3,0,0,0,0,0,0,0,0,1,19,3,2,2,2,1,8,63
171,0,7,1,1,0,0,0,1,3.09,167,0,1,19,3,2,2,2,1,8,63
172,0,7,2,0,1,0,0,1,1.06,57,0,1,19,3,2,2,2,1,8,63
173,1,7,3,0,0,0,0,0,0,0,0,1,19,3,2,2,2,1,8,63
181,0,8,1,1,0,1,0,0,0.49,26,0,1,19,3,2,2,2,1,8,63
182,0,8,2,0,1,1,0,0,0.36,20,0,1,19,3,2,2,2,1,8,63
183,1,8,3,0,0,0,0,0,0,0,0,1,19,3,2,2,2,1,8,63
191,0,9,1,1,0,0,1,0,3.09,91,0,1,19,3,2,2,2,1,8,63
192,0,9,2,0,1,1,0,0,0.36,57,0,1,19,3,2,2,2,1,8,63
193,1,9,3,0,0,0,0,0,0,0,0,1,19,3,2,2,2,1,8,63
111,1,1,1,1,0,0,1,0,1.68,91,0,1,18,3,2,1,2,1,2,64
112,0,1,2,0,1,0,1,0,0.89,48,0,1,18,3,2,1,2,1,2,64
113,0,1,3,0,0,0,0,0,0,0,0,1,18,3,2,1,2,1,2,64
121,1,2,1,1,0,1,0,0,1.68,26,0,1,18,3,2,1,2,1,2,64
122,0,2,2,0,1,0,0,1,1.06,48,0,1,18,3,2,1,2,1,2,64
123,0,2,3,0,0,0,0,0,0,0,0,1,18,3,2,1,2,1,2,64
131,1,3,1,1,0,0,1,0,1.68,167,0,1,18,3,2,1,2,1,2,64
132,0,3,2,0,1,0,0,1,0.36,20,0,1,18,3,2,1,2,1,2,64
133,0,3,3,0,0,0,0,0,0,0,0,1,18,3,2,1,2,1,2,64
141,0,4,1,1,0,0,0,1,3.09,26,0,1,18,3,2,1,2,1,2,64
142,1,4,2,0,1,1,0,0,0.89,48,0,1,18,3,2,1,2,1,2,64
143,0,4,3,0,0,0,0,0,0,0,0,1,18,3,2,1,2,1,2,64
151,0,5,1,1,0,1,0,0,0.49,91,0,1,18,3,2,1,2,1,2,64
152,1,5,2,0,1,0,1,0,1.06,57,0,1,18,3,2,1,2,1,2,64
153,0,5,3,0,0,0,0,0,0,0,0,1,18,3,2,1,2,1,2,64
161,0,6,1,1,0,0,0,1,0.49,167,0,1,18,3,2,1,2,1,2,64
162,1,6,2,0,1,0,1,0,0.89,20,0,1,18,3,2,1,2,1,2,64
163,0,6,3,0,0,0,0,0,0,0,0,1,18,3,2,1,2,1,2,64
171,0,7,1,1,0,0,0,1,3.09,167,0,1,18,3,2,1,2,1,2,64
172,1,7,2,0,1,0,0,1,1.06,57,0,1,18,3,2,1,2,1,2,64
173,0,7,3,0,0,0,0,0,0,0,0,1,18,3,2,1,2,1,2,64
181,0,8,1,1,0,1,0,0,0.49,26,0,1,18,3,2,1,2,1,2,64
182,1,8,2,0,1,1,0,0,0.36,20,0,1,18,3,2,1,2,1,2,64
183,0,8,3,0,0,0,0,0,0,0,0,1,18,3,2,1,2,1,2,64
191,1,9,1,1,0,0,1,0,3.09,91,0,1,18,3,2,1,2,1,2,64
192,0,9,2,0,1,1,0,0,0.36,57,0,1,18,3,2,1,2,1,2,64
193,0,9,3,0,0,0,0,0,0,0,0,1,18,3,2,1,2,1,2,64
111,0,1,1,1,0,0,1,0,1.68,91,1,1,24,5,2,2,2,1,1,65
112,0,1,2,0,1,0,1,0,0.89,48,1,1,24,5,2,2,2,1,1,65
113,1,1,3,0,0,0,0,0,0,0,1,1,24,5,2,2,2,1,1,65
121,0,2,1,1,0,1,0,0,1.68,26,1,1,24,5,2,2,2,1,1,65
122,1,2,2,0,1,0,0,1,1.06,48,1,1,24,5,2,2,2,1,1,65
123,0,2,3,0,0,0,0,0,0,0,1,1,24,5,2,2,2,1,1,65
131,0,3,1,1,0,0,1,0,1.68,167,1,1,24,5,2,2,2,1,1,65
132,1,3,2,0,1,0,0,1,0.36,20,1,1,24,5,2,2,2,1,1,65
133,0,3,3,0,0,0,0,0,0,0,1,1,24,5,2,2,2,1,1,65
141,1,4,1,1,0,0,0,1,3.09,26,1,1,24,5,2,2,2,1,1,65
142,0,4,2,0,1,1,0,0,0.89,48,1,1,24,5,2,2,2,1,1,65
143,0,4,3,0,0,0,0,0,0,0,1,1,24,5,2,2,2,1,1,65
161,1,6,1,1,0,0,0,1,0.49,167,1,1,24,5,2,2,2,1,1,65
162,0,6,2,0,1,0,1,0,0.89,20,1,1,24,5,2,2,2,1,1,65
163,0,6,3,0,0,0,0,0,0,0,1,1,24,5,2,2,2,1,1,65
171,1,7,1,1,0,0,0,1,3.09,167,1,1,24,5,2,2,2,1,1,65
172,0,7,2,0,1,0,0,1,1.06,57,1,1,24,5,2,2,2,1,1,65
173,0,7,3,0,0,0,0,0,0,0,1,1,24,5,2,2,2,1,1,65
181,0,8,1,1,0,1,0,0,0.49,26,1,1,24,5,2,2,2,1,1,65
182,1,8,2,0,1,1,0,0,0.36,20,1,1,24,5,2,2,2,1,1,65
183,0,8,3,0,0,0,0,0,0,0,1,1,24,5,2,2,2,1,1,65
191,1,9,1,1,0,0,1,0,3.09,91,1,1,24,5,2,2,2,1,1,65
192,0,9,2,0,1,1,0,0,0.36,57,1,1,24,5,2,2,2,1,1,65
193,0,9,3,0,0,0,0,0,0,0,1,1,24,5,2,2,2,1,1,65
211,0,1,1,1,0,1,0,0,3.09,91,0,1,21,3,2,1,2,1,1,66
212,1,1,2,0,1,0,0,1,0.89,20,0,1,21,3,2,1,2,1,1,66
213,0,1,3,0,0,0,0,0,0,0,0,1,21,3,2,1,2,1,1,66
221,0,2,1,1,0,1,0,0,3.09,26,0,1,21,3,2,1,2,1,1,66
222,1,2,2,0,1,0,1,0,0.36,48,0,1,21,3,2,1,2,1,1,66
223,0,2,3,0,0,0,0,0,0,0,0,1,21,3,2,1,2,1,1,66
231,1,3,1,1,0,0,0,1,0.49,91,0,1,21,3,2,1,2,1,1,66
232,0,3,2,0,1,0,0,1,0.36,48,0,1,21,3,2,1,2,1,1,66
233,0,3,3,0,0,0,0,0,0,0,0,1,21,3,2,1,2,1,1,66
241,1,4,1,1,0,0,0,1,1.68,26,0,1,21,3,2,1,2,1,1,66
242,0,4,2,0,1,0,1,0,0.36,57,0,1,21,3,2,1,2,1,1,66
243,0,4,3,0,0,0,0,0,0,0,0,1,21,3,2,1,2,1,1,66
251,0,5,1,1,0,1,1,0,3.09,26,0,1,21,3,2,1,2,1,1,66
252,1,5,2,0,1,0,1,0,1.06,20,0,1,21,3,2,1,2,1,1,66
253,0,5,3,0,0,0,0,0,0,0,0,1,21,3,2,1,2,1,1,66
261,1,6,1,1,0,0,0,1,1.68,91,0,1,21,3,2,1,2,1,1,66
262,0,6,2,0,1,1,0,0,1.06,20,0,1,21,3,2,1,2,1,1,66
263,0,6,3,0,0,0,0,0,0,0,0,1,21,3,2,1,2,1,1,66
271,1,7,1,1,0,1,0,0,1.68,167,0,1,21,3,2,1,2,1,1,66
272,0,7,2,0,1,1,0,0,0.89,57,0,1,21,3,2,1,2,1,1,66
273,0,7,3,0,0,0,0,0,0,0,0,1,21,3,2,1,2,1,1,66
281,0,8,1,1,0,0,1,0,0.49,26,0,1,21,3,2,1,2,1,1,66
282,1,8,2,0,1,0,0,1,0.89,57,0,1,21,3,2,1,2,1,1,66
283,0,8,3,0,0,0,0,0,0,0,0,1,21,3,2,1,2,1,1,66
291,0,9,1,1,0,0,1,0,0.49,167,0,1,21,3,2,1,2,1,1,66
292,1,9,2,0,1,1,0,0,1.06,48,0,1,21,3,2,1,2,1,1,66
293,0,9,3,0,0,0,0,0,0,0,0,1,21,3,2,1,2,1,1,66
111,1,1,1,1,0,0,1,0,1.68,91,0,2,30,5,3,2,1,7,12,67
112,0,1,2,0,1,0,1,0,0.89,48,0,2,30,5,3,2,1,7,12,67
113,0,1,3,0,0,0,0,0,0,0,0,2,30,5,3,2,1,7,12,67
121,0,2,1,1,0,1,0,0,1.68,26,0,2,30,5,3,2,1,7,12,67
122,1,2,2,0,1,0,0,1,1.06,48,0,2,30,5,3,2,1,7,12,67
123,0,2,3,0,0,0,0,0,0,0,0,2,30,5,3,2,1,7,12,67
131,0,3,1,1,0,0,1,0,1.68,167,0,2,30,5,3,2,1,7,12,67
132,1,3,2,0,1,0,0,1,0.36,20,0,2,30,5,3,2,1,7,12,67
133,0,3,3,0,0,0,0,0,0,0,0,2,30,5,3,2,1,7,12,67
141,1,4,1,1,0,0,0,1,3.09,26,0,2,30,5,3,2,1,7,12,67
142,0,4,2,0,1,1,0,0,0.89,48,0,2,30,5,3,2,1,7,12,67
143,0,4,3,0,0,0,0,0,0,0,0,2,30,5,3,2,1,7,12,67
151,1,5,1,1,0,1,0,0,0.49,91,0,2,30,5,3,2,1,7,12,67
152,0,5,2,0,1,0,1,0,1.06,57,0,2,30,5,3,2,1,7,12,67
153,0,5,3,0,0,0,0,0,0,0,0,2,30,5,3,2,1,7,12,67
161,1,6,1,1,0,0,0,1,0.49,167,0,2,30,5,3,2,1,7,12,67
162,0,6,2,0,1,0,1,0,0.89,20,0,2,30,5,3,2,1,7,12,67
163,0,6,3,0,0,0,0,0,0,0,0,2,30,5,3,2,1,7,12,67
171,1,7,1,1,0,0,0,1,3.09,167,0,2,30,5,3,2,1,7,12,67
172,0,7,2,0,1,0,0,1,1.06,57,0,2,30,5,3,2,1,7,12,67
173,0,7,3,0,0,0,0,0,0,0,0,2,30,5,3,2,1,7,12,67
181,1,8,1,1,0,1,0,0,0.49,26,0,2,30,5,3,2,1,7,12,67
182,0,8,2,0,1,1,0,0,0.36,20,0,2,30,5,3,2,1,7,12,67
183,0,8,3,0,0,0,0,0,0,0,0,2,30,5,3,2,1,7,12,67
191,1,9,1,1,0,0,1,0,3.09,91,0,2,30,5,3,2,1,7,12,67
192,0,9,2,0,1,1,0,0,0.36,57,0,2,30,5,3,2,1,7,12,67
193,0,9,3,0,0,0,0,0,0,0,0,2,30,5,3,2,1,7,12,67
