Case,Choice,Question,Alternative,Rail,Teton,Dirt,Gravel,Paved,Dist,Cost,gender,age_group,age,educ,res,emp,marr,house,house_inc,ID
1,1,1,1,1,0,1,0,0,3.09,91,1,2,26,4,2,6,2,1,5,1
1,0,1,2,0,1,0,0,1,0.89,20,1,2,26,4,2,6,2,1,5,1
1,0,1,3,0,0,0,0,0,0,0,1,2,26,4,2,6,2,1,5,1
2,1,2,1,1,0,1,0,0,3.09,26,1,2,26,4,2,6,2,1,5,1
2,0,2,2,0,1,0,1,0,0.36,48,1,2,26,4,2,6,2,1,5,1
2,0,2,3,0,0,0,0,0,0,0,1,2,26,4,2,6,2,1,5,1
3,0,3,1,1,0,0,0,1,0.49,91,1,2,26,4,2,6,2,1,5,1
3,1,3,2,0,1,0,0,1,0.36,48,1,2,26,4,2,6,2,1,5,1
3,0,3,3,0,0,0,0,0,0,0,1,2,26,4,2,6,2,1,5,1
4,1,4,1,1,0,0,0,1,1.68,26,1,2,26,4,2,6,2,1,5,1
4,0,4,2,0,1,0,1,0,0.36,57,1,2,26,4,2,6,2,1,5,1
4,0,4,3,0,0,0,0,0,0,0,1,2,26,4,2,6,2,1,5,1
5,1,5,1,1,0,1,1,0,3.09,26,1,2,26,4,2,6,2,1,5,1
5,0,5,2,0,1,0,1,0,1.06,20,1,2,26,4,2,6,2,1,5,1
5,0,5,3,0,0,0,0,0,0,0,1,2,26,4,2,6,2,1,5,1
6,0,6,1,1,0,0,0,1,1.68,91,1,2,26,4,2,6,2,1,5,1
6,1,6,2,0,1,1,0,0,1.06,20,1,2,26,4,2,6,2,1,5,1
6,0,6,3,0,0,0,0,0,0,0,1,2,26,4,2,6,2,1,5,1
7,1,7,1,1,0,1,0,0,1.68,167,1,2,26,4,2,6,2,1,5,1
7,0,7,2,0,1,1,0,0,0.89,57,1,2,26,4,2,6,2,1,5,1
7,0,7,3,0,0,0,0,0,0,0,1,2,26,4,2,6,2,1,5,1
8,0,8,1,1,0,0,1,0,0.49,26,1,2,26,4,2,6,2,1,5,1
8,1,8,2,0,1,0,0,1,0.89,57,1,2,26,4,2,6,2,1,5,1
8,0,8,3,0,0,0,0,0,0,0,1,2,26,4,2,6,2,1,5,1
9,0,9,1,1,0,0,1,0,0.49,167,1,2,26,4,2,6,2,1,5,1
9,1,9,2,0,1,1,0,0,1.06,48,1,2,26,4,2,6,2,1,5,1
9,0,9,3,0,0,0,0,0,0,0,1,2,26,4,2,6,2,1,5,1
10,0,1,1,1,0,0,1,0,1.68,91,1,3,38,5,1,2,1,5,11,2
10,1,1,2,0,1,0,1,0,0.89,48,1,3,38,5,1,2,1,5,11,2
10,0,1,3,0,0,0,0,0,0,0,1,3,38,5,1,2,1,5,11,2
11,0,2,1,1,0,1,0,0,1.68,26,1,3,38,5,1,2,1,5,11,2
11,1,2,2,0,1,0,0,1,1.06,48,1,3,38,5,1,2,1,5,11,2
11,0,2,3,0,0,0,0,0,0,0,1,3,38,5,1,2,1,5,11,2
12,0,3,1,1,0,0,1,0,1.68,167,1,3,38,5,1,2,1,5,11,2
12,1,3,2,0,1,0,0,1,0.36,20,1,3,38,5,1,2,1,5,11,2
12,0,3,3,0,0,0,0,0,0,0,1,3,38,5,1,2,1,5,11,2
13,1,4,1,1,0,0,0,1,3.09,26,1,3,38,5,1,2,1,5,11,2
13,0,4,2,0,1,1,0,0,0.89,48,1,3,38,5,1,2,1,5,11,2
13,0,4,3,0,0,0,0,0,0,0,1,3,38,5,1,2,1,5,11,2
14,0,5,1,1,0,1,0,0,0.49,91,1,3,38,5,1,2,1,5,11,2
14,1,5,2,0,1,0,1,0,1.06,57,1,3,38,5,1,2,1,5,11,2
14,0,5,3,0,0,0,0,0,0,0,1,3,38,5,1,2,1,5,11,2
15,0,6,1,1,0,0,0,1,0.49,167,1,3,38,5,1,2,1,5,11,2
15,1,6,2,0,1,0,1,0,0.89,20,1,3,38,5,1,2,1,5,11,2
15,0,6,3,0,0,0,0,0,0,0,1,3,38,5,1,2,1,5,11,2
16,0,7,1,1,0,0,0,1,3.09,167,1,3,38,5,1,2,1,5,11,2
16,1,7,2,0,1,0,0,1,1.06,57,1,3,38,5,1,2,1,5,11,2
16,0,7,3,0,0,0,0,0,0,0,1,3,38,5,1,2,1,5,11,2
17,0,8,1,1,0,1,0,0,0.49,26,1,3,38,5,1,2,1,5,11,2
17,1,8,2,0,1,1,0,0,0.36,20,1,3,38,5,1,2,1,5,11,2
17,0,8,3,0,0,0,0,0,0,0,1,3,38,5,1,2,1,5,11,2
18,0,9,1,1,0,0,1,0,3.09,91,1,3,38,5,1,2,1,5,11,2
18,1,9,2,0,1,1,0,0,0.36,57,1,3,38,5,1,2,1,5,11,2
18,0,9,3,0,0,0,0,0,0,0,1,3,38,5,1,2,1,5,11,2
19,0,1,1,1,0,1,0,0,3.09,91,1,0,0,4,1,1,2,1,0,3
19,0,1,2,0,1,0,0,1,0.89,20,1,0,0,4,1,1,2,1,0,3
19,1,1,3,0,0,0,0,0,0,0,1,0,0,4,1,1,2,1,0,3
20,0,2,1,1,0,1,0,0,3.09,26,1,0,0,4,1,1,2,1,0,3
20,0,2,2,0,1,0,1,0,0.36,48,1,0,0,4,1,1,2,1,0,3
20,1,2,3,0,0,0,0,0,0,0,1,0,0,4,1,1,2,1,0,3
21,0,3,1,1,0,0,0,1,0.49,91,1,0,0,4,1,1,2,1,0,3
21,0,3,2,0,1,0,0,1,0.36,48,1,0,0,4,1,1,2,1,0,3
21,1,3,3,0,0,0,0,0,0,0,1,0,0,4,1,1,2,1,0,3
22,0,4,1,1,0,0,0,1,1.68,26,1,0,0,4,1,1,2,1,0,3
22,0,4,2,0,1,0,1,0,0.36,57,1,0,0,4,1,1,2,1,0,3
22,1,4,3,0,0,0,0,0,0,0,1,0,0,4,1,1,2,1,0,3
23,0,5,1,1,0,1,1,0,3.09,26,1,0,0,4,1,1,2,1,0,3
23,0,5,2,0,1,0,1,0,1.06,20,1,0,0,4,1,1,2,1,0,3
23,1,5,3,0,0,0,0,0,0,0,1,0,0,4,1,1,2,1,0,3
24,0,6,1,1,0,0,0,1,1.68,91,1,0,0,4,1,1,2,1,0,3
24,0,6,2,0,1,1,0,0,1.06,20,1,0,0,4,1,1,2,1,0,3
24,1,6,3,0,0,0,0,0,0,0,1,0,0,4,1,1,2,1,0,3
25,0,7,1,1,0,1,0,0,1.68,167,1,0,0,4,1,1,2,1,0,3
25,0,7,2,0,1,1,0,0,0.89,57,1,0,0,4,1,1,2,1,0,3
25,1,7,3,0,0,0,0,0,0,0,1,0,0,4,1,1,2,1,0,3
26,0,8,1,1,0,0,1,0,0.49,26,1,0,0,4,1,1,2,1,0,3
26,0,8,2,0,1,0,0,1,0.89,57,1,0,0,4,1,1,2,1,0,3
26,1,8,3,0,0,0,0,0,0,0,1,0,0,4,1,1,2,1,0,3
27,0,9,1,1,0,0,1,0,0.49,167,1,0,0,4,1,1,2,1,0,3
27,0,9,2,0,1,1,0,0,1.06,48,1,0,0,4,1,1,2,1,0,3
27,1,9,3,0,0,0,0,0,0,0,1,0,0,4,1,1,2,1,0,3
28,0,1,1,1,0,1,0,0,3.09,91,1,1,21,3,2,6,2,1,1,4
28,1,1,2,0,1,0,0,1,0.89,20,1,1,21,3,2,6,2,1,1,4
28,0,1,3,0,0,0,0,0,0,0,1,1,21,3,2,6,2,1,1,4
29,0,2,1,1,0,1,0,0,3.09,26,1,1,21,3,2,6,2,1,1,4
29,1,2,2,0,1,0,1,0,0.36,48,1,1,21,3,2,6,2,1,1,4
29,0,2,3,0,0,0,0,0,0,0,1,1,21,3,2,6,2,1,1,4
30,0,3,1,1,0,0,0,1,0.49,91,1,1,21,3,2,6,2,1,1,4
30,1,3,2,0,1,0,0,1,0.36,48,1,1,21,3,2,6,2,1,1,4
30,0,3,3,0,0,0,0,0,0,0,1,1,21,3,2,6,2,1,1,4
31,1,4,1,1,0,0,0,1,1.68,26,1,1,21,3,2,6,2,1,1,4
31,0,4,2,0,1,0,1,0,0.36,57,1,1,21,3,2,6,2,1,1,4
31,0,4,3,0,0,0,0,0,0,0,1,1,21,3,2,6,2,1,1,4
32,0,5,1,1,0,1,1,0,3.09,26,1,1,21,3,2,6,2,1,1,4
32,1,5,2,0,1,0,1,0,1.06,20,1,1,21,3,2,6,2,1,1,4
32,0,5,3,0,0,0,0,0,0,0,1,1,21,3,2,6,2,1,1,4
33,0,6,1,1,0,0,0,1,1.68,91,1,1,21,3,2,6,2,1,1,4
33,0,6,2,0,1,1,0,0,1.06,20,1,1,21,3,2,6,2,1,1,4
33,1,6,3,0,0,0,0,0,0,0,1,1,21,3,2,6,2,1,1,4
34,0,7,1,1,0,1,0,0,1.68,167,1,1,21,3,2,6,2,1,1,4
34,1,7,2,0,1,1,0,0,0.89,57,1,1,21,3,2,6,2,1,1,4
34,0,7,3,0,0,0,0,0,0,0,1,1,21,3,2,6,2,1,1,4
35,0,8,1,1,0,0,1,0,0.49,26,1,1,21,3,2,6,2,1,1,4
35,1,8,2,0,1,0,0,1,0.89,57,1,1,21,3,2,6,2,1,1,4
35,0,8,3,0,0,0,0,0,0,0,1,1,21,3,2,6,2,1,1,4
36,0,9,1,1,0,0,1,0,0.49,167,1,1,21,3,2,6,2,1,1,4
36,0,9,2,0,1,1,0,0,1.06,48,1,1,21,3,2,6,2,1,1,4
36,1,9,3,0,0,0,0,0,0,0,1,1,21,3,2,6,2,1,1,4
37,0,1,1,1,0,1,0,0,3.09,91,0,1,23,5,1,1,1,2,2,5
37,1,1,2,0,1,0,0,1,0.89,20,0,1,23,5,1,1,1,2,2,5
37,0,1,3,0,0,0,0,0,0,0,0,1,23,5,1,1,1,2,2,5
38,0,2,1,1,0,1,0,0,3.09,26,0,1,23,5,1,1,1,2,2,5
38,1,2,2,0,1,0,1,0,0.36,48,0,1,23,5,1,1,1,2,2,5
38,0,2,3,0,0,0,0,0,0,0,0,1,23,5,1,1,1,2,2,5
39,0,3,1,1,0,0,0,1,0.49,91,0,1,23,5,1,1,1,2,2,5
39,1,3,2,0,1,0,0,1,0.36,48,0,1,23,5,1,1,1,2,2,5
39,0,3,3,0,0,0,0,0,0,0,0,1,23,5,1,1,1,2,2,5
40,0,4,1,1,0,0,0,1,1.68,26,0,1,23,5,1,1,1,2,2,5
40,1,4,2,0,1,0,1,0,0.36,57,0,1,23,5,1,1,1,2,2,5
40,0,4,3,0,0,0,0,0,0,0,0,1,23,5,1,1,1,2,2,5
41,0,5,1,1,0,1,1,0,3.09,26,0,1,23,5,1,1,1,2,2,5
41,1,5,2,0,1,0,1,0,1.06,20,0,1,23,5,1,1,1,2,2,5
41,0,5,3,0,0,0,0,0,0,0,0,1,23,5,1,1,1,2,2,5
42,0,6,1,1,0,0,0,1,1.68,91,0,1,23,5,1,1,1,2,2,5
42,1,6,2,0,1,1,0,0,1.06,20,0,1,23,5,1,1,1,2,2,5
42,0,6,3,0,0,0,0,0,0,0,0,1,23,5,1,1,1,2,2,5
43,0,7,1,1,0,1,0,0,1.68,167,0,1,23,5,1,1,1,2,2,5
43,1,7,2,0,1,1,0,0,0.89,57,0,1,23,5,1,1,1,2,2,5
43,0,7,3,0,0,0,0,0,0,0,0,1,23,5,1,1,1,2,2,5
44,0,8,1,1,0,0,1,0,0.49,26,0,1,23,5,1,1,1,2,2,5
44,1,8,2,0,1,0,0,1,0.89,57,0,1,23,5,1,1,1,2,2,5
44,0,8,3,0,0,0,0,0,0,0,0,1,23,5,1,1,1,2,2,5
45,0,9,1,1,0,0,1,0,0.49,167,0,1,23,5,1,1,1,2,2,5
45,1,9,2,0,1,1,0,0,1.06,48,0,1,23,5,1,1,1,2,2,5
45,0,9,3,0,0,0,0,0,0,0,0,1,23,5,1,1,1,2,2,5
46,1,1,1,1,0,0,1,0,1.68,91,1,4,48,3,3,2,1,4,3,6
46,0,1,2,0,1,0,1,0,0.89,48,1,4,48,3,3,2,1,4,3,6
46,0,1,3,0,0,0,0,0,0,0,1,4,48,3,3,2,1,4,3,6
47,1,2,1,1,0,1,0,0,1.68,26,1,4,48,3,3,2,1,4,3,6
47,0,2,2,0,1,0,0,1,1.06,48,1,4,48,3,3,2,1,4,3,6
47,0,2,3,0,0,0,0,0,0,0,1,4,48,3,3,2,1,4,3,6
48,1,3,1,1,0,0,1,0,1.68,167,1,4,48,3,3,2,1,4,3,6
48,0,3,2,0,1,0,0,1,0.36,20,1,4,48,3,3,2,1,4,3,6
48,0,3,3,0,0,0,0,0,0,0,1,4,48,3,3,2,1,4,3,6
49,1,4,1,1,0,0,0,1,3.09,26,1,4,48,3,3,2,1,4,3,6
49,0,4,2,0,1,1,0,0,0.89,48,1,4,48,3,3,2,1,4,3,6
49,0,4,3,0,0,0,0,0,0,0,1,4,48,3,3,2,1,4,3,6
50,0,5,1,1,0,1,0,0,0.49,91,1,4,48,3,3,2,1,4,3,6
50,1,5,2,0,1,0,1,0,1.06,57,1,4,48,3,3,2,1,4,3,6
50,0,5,3,0,0,0,0,0,0,0,1,4,48,3,3,2,1,4,3,6
51,0,6,1,1,0,0,0,1,0.49,167,1,4,48,3,3,2,1,4,3,6
51,1,6,2,0,1,0,1,0,0.89,20,1,4,48,3,3,2,1,4,3,6
51,0,6,3,0,0,0,0,0,0,0,1,4,48,3,3,2,1,4,3,6
52,0,7,1,1,0,0,0,1,3.09,167,1,4,48,3,3,2,1,4,3,6
52,1,7,2,0,1,0,0,1,1.06,57,1,4,48,3,3,2,1,4,3,6
52,0,7,3,0,0,0,0,0,0,0,1,4,48,3,3,2,1,4,3,6
53,1,8,1,1,0,1,0,0,0.49,26,1,4,48,3,3,2,1,4,3,6
53,0,8,2,0,1,1,0,0,0.36,20,1,4,48,3,3,2,1,4,3,6
53,0,8,3,0,0,0,0,0,0,0,1,4,48,3,3,2,1,4,3,6
54,1,9,1,1,0,0,1,0,3.09,91,1,4,48,3,3,2,1,4,3,6
54,0,9,2,0,1,1,0,0,0.36,57,1,4,48,3,3,2,1,4,3,6
54,0,9,3,0,0,0,0,0,0,0,1,4,48,3,3,2,1,4,3,6
55,0,1,1,1,0,1,0,0,3.09,91,0,1,19,3,1,2,1,3,4,7
55,1,1,2,0,1,0,0,1,0.89,20,0,1,19,3,1,2,1,3,4,7
55,0,1,3,0,0,0,0,0,0,0,0,1,19,3,1,2,1,3,4,7
56,1,2,1,1,0,1,0,0,3.09,26,0,1,19,3,1,2,1,3,4,7
56,0,2,2,0,1,0,1,0,0.36,48,0,1,19,3,1,2,1,3,4,7
56,0,2,3,0,0,0,0,0,0,0,0,1,19,3,1,2,1,3,4,7
57,0,3,1,1,0,0,0,1,0.49,91,0,1,19,3,1,2,1,3,4,7
57,1,3,2,0,1,0,0,1,0.36,48,0,1,19,3,1,2,1,3,4,7
57,0,3,3,0,0,0,0,0,0,0,0,1,19,3,1,2,1,3,4,7
58,0,4,1,1,0,0,0,1,1.68,26,0,1,19,3,1,2,1,3,4,7
58,1,4,2,0,1,0,1,0,0.36,57,0,1,19,3,1,2,1,3,4,7
58,0,4,3,0,0,0,0,0,0,0,0,1,19,3,1,2,1,3,4,7
59,0,5,1,1,0,1,1,0,3.09,26,0,1,19,3,1,2,1,3,4,7
59,1,5,2,0,1,0,1,0,1.06,20,0,1,19,3,1,2,1,3,4,7
59,0,5,3,0,0,0,0,0,0,0,0,1,19,3,1,2,1,3,4,7
60,0,6,1,1,0,0,0,1,1.68,91,0,1,19,3,1,2,1,3,4,7
60,1,6,2,0,1,1,0,0,1.06,20,0,1,19,3,1,2,1,3,4,7
60,0,6,3,0,0,0,0,0,0,0,0,1,19,3,1,2,1,3,4,7
61,0,7,1,1,0,1,0,0,1.68,167,0,1,19,3,1,2,1,3,4,7
61,1,7,2,0,1,1,0,0,0.89,57,0,1,19,3,1,2,1,3,4,7
61,0,7,3,0,0,0,0,0,0,0,0,1,19,3,1,2,1,3,4,7
62,1,8,1,1,0,0,1,0,0.49,26,0,1,19,3,1,2,1,3,4,7
62,0,8,2,0,1,0,0,1,0.89,57,0,1,19,3,1,2,1,3,4,7
62,0,8,3,0,0,0,0,0,0,0,0,1,19,3,1,2,1,3,4,7
63,0,9,1,1,0,0,1,0,0.49,167,0,1,19,3,1,2,1,3,4,7
63,1,9,2,0,1,1,0,0,1.06,48,0,1,19,3,1,2,1,3,4,7
63,0,9,3,0,0,0,0,0,0,0,0,1,19,3,1,2,1,3,4,7
64,0,1,1,1,0,0,1,0,1.68,91,1,1,21,3,2,1,2,1,1,8
64,1,1,2,0,1,0,1,0,0.89,48,1,1,21,3,2,1,2,1,1,8
64,0,1,3,0,0,0,0,0,0,0,1,1,21,3,2,1,2,1,1,8
65,1,2,1,1,0,1,0,0,1.68,26,1,1,21,3,2,1,2,1,1,8
65,0,2,2,0,1,0,0,1,1.06,48,1,1,21,3,2,1,2,1,1,8
65,0,2,3,0,0,0,0,0,0,0,1,1,21,3,2,1,2,1,1,8
66,0,3,1,1,0,0,1,0,1.68,167,1,1,21,3,2,1,2,1,1,8
66,0,3,2,0,1,0,0,1,0.36,20,1,1,21,3,2,1,2,1,1,8
66,1,3,3,0,0,0,0,0,0,0,1,1,21,3,2,1,2,1,1,8
67,0,4,1,1,0,0,0,1,3.09,26,1,1,21,3,2,1,2,1,1,8
67,1,4,2,0,1,1,0,0,0.89,48,1,1,21,3,2,1,2,1,1,8
67,0,4,3,0,0,0,0,0,0,0,1,1,21,3,2,1,2,1,1,8
68,1,5,1,1,0,1,0,0,0.49,91,1,1,21,3,2,1,2,1,1,8
68,0,5,2,0,1,0,1,0,1.06,57,1,1,21,3,2,1,2,1,1,8
68,0,5,3,0,0,0,0,0,0,0,1,1,21,3,2,1,2,1,1,8
69,0,6,1,1,0,0,0,1,0.49,167,1,1,21,3,2,1,2,1,1,8
69,1,6,2,0,1,0,1,0,0.89,20,1,1,21,3,2,1,2,1,1,8
69,0,6,3,0,0,0,0,0,0,0,1,1,21,3,2,1,2,1,1,8
70,0,7,1,1,0,0,0,1,3.09,167,1,1,21,3,2,1,2,1,1,8
70,1,7,2,0,1,0,0,1,1.06,57,1,1,21,3,2,1,2,1,1,8
70,0,7,3,0,0,0,0,0,0,0,1,1,21,3,2,1,2,1,1,8
71,1,8,1,1,0,1,0,0,0.49,26,1,1,21,3,2,1,2,1,1,8
71,0,8,2,0,1,1,0,0,0.36,20,1,1,21,3,2,1,2,1,1,8
71,0,8,3,0,0,0,0,0,0,0,1,1,21,3,2,1,2,1,1,8
72,0,9,1,1,0,0,1,0,3.09,91,1,1,21,3,2,1,2,1,1,8
72,1,9,2,0,1,1,0,0,0.36,57,1,1,21,3,2,1,2,1,1,8
72,0,9,3,0,0,0,0,0,0,0,1,1,21,3,2,1,2,1,1,8
73,0,1,1,1,0,1,0,0,3.09,91,1,1,23,3,2,6,2,1,2,9
73,1,1,2,0,1,0,0,1,0.89,20,1,1,23,3,2,6,2,1,2,9
73,0,1,3,0,0,0,0,0,0,0,1,1,23,3,2,6,2,1,2,9
74,0,2,1,1,0,1,0,0,3.09,26,1,1,23,3,2,6,2,1,2,9
74,1,2,2,0,1,0,1,0,0.36,48,1,1,23,3,2,6,2,1,2,9
74,0,2,3,0,0,0,0,0,0,0,1,1,23,3,2,6,2,1,2,9
75,0,3,1,1,0,0,0,1,0.49,91,1,1,23,3,2,6,2,1,2,9
75,1,3,2,0,1,0,0,1,0.36,48,1,1,23,3,2,6,2,1,2,9
75,0,3,3,0,0,0,0,0,0,0,1,1,23,3,2,6,2,1,2,9
76,0,4,1,1,0,0,0,1,1.68,26,1,1,23,3,2,6,2,1,2,9
76,1,4,2,0,1,0,1,0,0.36,57,1,1,23,3,2,6,2,1,2,9
76,0,4,3,0,0,0,0,0,0,0,1,1,23,3,2,6,2,1,2,9
77,0,5,1,1,0,1,1,0,3.09,26,1,1,23,3,2,6,2,1,2,9
77,1,5,2,0,1,0,1,0,1.06,20,1,1,23,3,2,6,2,1,2,9
77,0,5,3,0,0,0,0,0,0,0,1,1,23,3,2,6,2,1,2,9
78,0,6,1,1,0,0,0,1,1.68,91,1,1,23,3,2,6,2,1,2,9
78,1,6,2,0,1,1,0,0,1.06,20,1,1,23,3,2,6,2,1,2,9
78,0,6,3,0,0,0,0,0,0,0,1,1,23,3,2,6,2,1,2,9
79,0,7,1,1,0,1,0,0,1.68,167,1,1,23,3,2,6,2,1,2,9
79,1,7,2,0,1,1,0,0,0.89,57,1,1,23,3,2,6,2,1,2,9
79,0,7,3,0,0,0,0,0,0,0,1,1,23,3,2,6,2,1,2,9
80,1,8,1,1,0,0,1,0,0.49,26,1,1,23,3,2,6,2,1,2,9
80,0,8,2,0,1,0,0,1,0.89,57,1,1,23,3,2,6,2,1,2,9
80,0,8,3,0,0,0,0,0,0,0,1,1,23,3,2,6,2,1,2,9
81,0,9,1,1,0,0,1,0,0.49,167,1,1,23,3,2,6,2,1,2,9
81,1,9,2,0,1,1,0,0,1.06,48,1,1,23,3,2,6,2,1,2,9
81,0,9,3,0,0,0,0,0,0,0,1,1,23,3,2,6,2,1,2,9
82,1,1,1,1,0,0,1,0,1.68,91,1,4,48,3,3,2,2,1,3,10
82,0,1,2,0,1,0,1,0,0.89,48,1,4,48,3,3,2,2,1,3,10
82,0,1,3,0,0,0,0,0,0,0,1,4,48,3,3,2,2,1,3,10
83,0,2,1,1,0,1,0,0,1.68,26,1,4,48,3,3,2,2,1,3,10
83,1,2,2,0,1,0,0,1,1.06,48,1,4,48,3,3,2,2,1,3,10
83,0,2,3,0,0,0,0,0,0,0,1,4,48,3,3,2,2,1,3,10
84,0,3,1,1,0,0,1,0,1.68,167,1,4,48,3,3,2,2,1,3,10
84,1,3,2,0,1,0,0,1,0.36,20,1,4,48,3,3,2,2,1,3,10
84,0,3,3,0,0,0,0,0,0,0,1,4,48,3,3,2,2,1,3,10
85,1,4,1,1,0,0,0,1,3.09,26,1,4,48,3,3,2,2,1,3,10
85,0,4,2,0,1,1,0,0,0.89,48,1,4,48,3,3,2,2,1,3,10
85,0,4,3,0,0,0,0,0,0,0,1,4,48,3,3,2,2,1,3,10
86,0,5,1,1,0,1,0,0,0.49,91,1,4,48,3,3,2,2,1,3,10
86,1,5,2,0,1,0,1,0,1.06,57,1,4,48,3,3,2,2,1,3,10
86,0,5,3,0,0,0,0,0,0,0,1,4,48,3,3,2,2,1,3,10
87,1,6,1,1,0,0,0,1,0.49,167,1,4,48,3,3,2,2,1,3,10
87,0,6,2,0,1,0,1,0,0.89,20,1,4,48,3,3,2,2,1,3,10
87,0,6,3,0,0,0,0,0,0,0,1,4,48,3,3,2,2,1,3,10
88,1,7,1,1,0,0,0,1,3.09,167,1,4,48,3,3,2,2,1,3,10
88,0,7,2,0,1,0,0,1,1.06,57,1,4,48,3,3,2,2,1,3,10
88,0,7,3,0,0,0,0,0,0,0,1,4,48,3,3,2,2,1,3,10
89,1,8,1,1,0,1,0,0,0.49,26,1,4,48,3,3,2,2,1,3,10
89,0,8,2,0,1,1,0,0,0.36,20,1,4,48,3,3,2,2,1,3,10
89,0,8,3,0,0,0,0,0,0,0,1,4,48,3,3,2,2,1,3,10
90,1,9,1,1,0,0,1,0,3.09,91,1,4,48,3,3,2,2,1,3,10
90,0,9,2,0,1,1,0,0,0.36,57,1,4,48,3,3,2,2,1,3,10
90,0,9,3,0,0,0,0,0,0,0,1,4,48,3,3,2,2,1,3,10
91,0,1,1,1,0,1,0,0,3.09,91,1,1,20,4,2,1,1,2,1,11
91,1,1,2,0,1,0,0,1,0.89,20,1,1,20,4,2,1,1,2,1,11
91,0,1,3,0,0,0,0,0,0,0,1,1,20,4,2,1,1,2,1,11
92,0,2,1,1,0,1,0,0,3.09,26,1,1,20,4,2,1,1,2,1,11
92,1,2,2,0,1,0,1,0,0.36,48,1,1,20,4,2,1,1,2,1,11
92,0,2,3,0,0,0,0,0,0,0,1,1,20,4,2,1,1,2,1,11
93,0,3,1,1,0,0,0,1,0.49,91,1,1,20,4,2,1,1,2,1,11
93,1,3,2,0,1,0,0,1,0.36,48,1,1,20,4,2,1,1,2,1,11
93,0,3,3,0,0,0,0,0,0,0,1,1,20,4,2,1,1,2,1,11
94,1,4,1,1,0,0,0,1,1.68,26,1,1,20,4,2,1,1,2,1,11
94,0,4,2,0,1,0,1,0,0.36,57,1,1,20,4,2,1,1,2,1,11
94,0,4,3,0,0,0,0,0,0,0,1,1,20,4,2,1,1,2,1,11
95,0,5,1,1,0,1,1,0,3.09,26,1,1,20,4,2,1,1,2,1,11
95,1,5,2,0,1,0,1,0,1.06,20,1,1,20,4,2,1,1,2,1,11
95,0,5,3,0,0,0,0,0,0,0,1,1,20,4,2,1,1,2,1,11
96,1,6,1,1,0,0,0,1,1.68,91,1,1,20,4,2,1,1,2,1,11
96,0,6,2,0,1,1,0,0,1.06,20,1,1,20,4,2,1,1,2,1,11
96,0,6,3,0,0,0,0,0,0,0,1,1,20,4,2,1,1,2,1,11
97,1,7,1,1,0,1,0,0,1.68,167,1,1,20,4,2,1,1,2,1,11
97,0,7,2,0,1,1,0,0,0.89,57,1,1,20,4,2,1,1,2,1,11
97,0,7,3,0,0,0,0,0,0,0,1,1,20,4,2,1,1,2,1,11
98,0,8,1,1,0,0,1,0,0.49,26,1,1,20,4,2,1,1,2,1,11
98,1,8,2,0,1,0,0,1,0.89,57,1,1,20,4,2,1,1,2,1,11
98,0,8,3,0,0,0,0,0,0,0,1,1,20,4,2,1,1,2,1,11
99,1,9,1,1,0,0,1,0,0.49,167,1,1,20,4,2,1,1,2,1,11
99,0,9,2,0,1,1,0,0,1.06,48,1,1,20,4,2,1,1,2,1,11
99,0,9,3,0,0,0,0,0,0,0,1,1,20,4,2,1,1,2,1,11
100,0,1,1,1,0,0,1,0,1.68,91,1,1,22,3,2,1,2,1,1,12
100,1,1,2,0,1,0,1,0,0.89,48,1,1,22,3,2,1,2,1,1,12
100,0,1,3,0,0,0,0,0,0,0,1,1,22,3,2,1,2,1,1,12
101,0,2,1,1,0,1,0,0,1.68,26,1,1,22,3,2,1,2,1,1,12
101,1,2,2,0,1,0,0,1,1.06,48,1,1,22,3,2,1,2,1,1,12
101,0,2,3,0,0,0,0,0,0,0,1,1,22,3,2,1,2,1,1,12
102,1,3,1,1,0,0,1,0,1.68,167,1,1,22,3,2,1,2,1,1,12
102,0,3,2,0,1,0,0,1,0.36,20,1,1,22,3,2,1,2,1,1,12
102,0,3,3,0,0,0,0,0,0,0,1,1,22,3,2,1,2,1,1,12
103,0,4,1,1,0,0,0,1,3.09,26,1,1,22,3,2,1,2,1,1,12
103,1,4,2,0,1,1,0,0,0.89,48,1,1,22,3,2,1,2,1,1,12
103,0,4,3,0,0,0,0,0,0,0,1,1,22,3,2,1,2,1,1,12
104,1,5,1,1,0,1,0,0,0.49,91,1,1,22,3,2,1,2,1,1,12
104,0,5,2,0,1,0,1,0,1.06,57,1,1,22,3,2,1,2,1,1,12
104,0,5,3,0,0,0,0,0,0,0,1,1,22,3,2,1,2,1,1,12
105,0,6,1,1,0,0,0,1,0.49,167,1,1,22,3,2,1,2,1,1,12
105,1,6,2,0,1,0,1,0,0.89,20,1,1,22,3,2,1,2,1,1,12
105,0,6,3,0,0,0,0,0,0,0,1,1,22,3,2,1,2,1,1,12
106,1,7,1,1,0,0,0,1,3.09,167,1,1,22,3,2,1,2,1,1,12
106,0,7,2,0,1,0,0,1,1.06,57,1,1,22,3,2,1,2,1,1,12
106,0,7,3,0,0,0,0,0,0,0,1,1,22,3,2,1,2,1,1,12
107,1,8,1,1,0,1,0,0,0.49,26,1,1,22,3,2,1,2,1,1,12
107,0,8,2,0,1,1,0,0,0.36,20,1,1,22,3,2,1,2,1,1,12
107,0,8,3,0,0,0,0,0,0,0,1,1,22,3,2,1,2,1,1,12
108,1,9,1,1,0,0,1,0,3.09,91,1,1,22,3,2,1,2,1,1,12
108,0,9,2,0,1,1,0,0,0.36,57,1,1,22,3,2,1,2,1,1,12
108,0,9,3,0,0,0,0,0,0,0,1,1,22,3,2,1,2,1,1,12
109,0,1,1,1,0,1,0,0,3.09,91,1,1,22,5,2,1,1,3,3,13
109,1,1,2,0,1,0,0,1,0.89,20,1,1,22,5,2,1,1,3,3,13
109,0,1,3,0,0,0,0,0,0,0,1,1,22,5,2,1,1,3,3,13
110,0,2,1,1,0,1,0,0,3.09,26,1,1,22,5,2,1,1,3,3,13
110,1,2,2,0,1,0,1,0,0.36,48,1,1,22,5,2,1,1,3,3,13
110,0,2,3,0,0,0,0,0,0,0,1,1,22,5,2,1,1,3,3,13
111,0,3,1,1,0,0,0,1,0.49,91,1,1,22,5,2,1,1,3,3,13
111,1,3,2,0,1,0,0,1,0.36,48,1,1,22,5,2,1,1,3,3,13
111,0,3,3,0,0,0,0,0,0,0,1,1,22,5,2,1,1,3,3,13
112,0,4,1,1,0,0,0,1,1.68,26,1,1,22,5,2,1,1,3,3,13
112,1,4,2,0,1,0,1,0,0.36,57,1,1,22,5,2,1,1,3,3,13
112,0,4,3,0,0,0,0,0,0,0,1,1,22,5,2,1,1,3,3,13
113,0,5,1,1,0,1,1,0,3.09,26,1,1,22,5,2,1,1,3,3,13
113,1,5,2,0,1,0,1,0,1.06,20,1,1,22,5,2,1,1,3,3,13
113,0,5,3,0,0,0,0,0,0,0,1,1,22,5,2,1,1,3,3,13
114,0,6,1,1,0,0,0,1,1.68,91,1,1,22,5,2,1,1,3,3,13
114,1,6,2,0,1,1,0,0,1.06,20,1,1,22,5,2,1,1,3,3,13
114,0,6,3,0,0,0,0,0,0,0,1,1,22,5,2,1,1,3,3,13
115,0,7,1,1,0,1,0,0,1.68,167,1,1,22,5,2,1,1,3,3,13
115,1,7,2,0,1,1,0,0,0.89,57,1,1,22,5,2,1,1,3,3,13
115,0,7,3,0,0,0,0,0,0,0,1,1,22,5,2,1,1,3,3,13
116,0,8,1,1,0,0,1,0,0.49,26,1,1,22,5,2,1,1,3,3,13
116,1,8,2,0,1,0,0,1,0.89,57,1,1,22,5,2,1,1,3,3,13
116,0,8,3,0,0,0,0,0,0,0,1,1,22,5,2,1,1,3,3,13
117,0,9,1,1,0,0,1,0,0.49,167,1,1,22,5,2,1,1,3,3,13
117,1,9,2,0,1,1,0,0,1.06,48,1,1,22,5,2,1,1,3,3,13
117,0,9,3,0,0,0,0,0,0,0,1,1,22,5,2,1,1,3,3,13
118,0,1,1,1,0,0,1,0,1.68,91,1,1,24,5,1,6,1,3,2,14
118,0,1,2,0,1,0,1,0,0.89,48,1,1,24,5,1,6,1,3,2,14
118,1,1,3,0,0,0,0,0,0,0,1,1,24,5,1,6,1,3,2,14
119,0,2,1,1,0,1,0,0,1.68,26,1,1,24,5,1,6,1,3,2,14
119,0,2,2,0,1,0,0,1,1.06,48,1,1,24,5,1,6,1,3,2,14
119,1,2,3,0,0,0,0,0,0,0,1,1,24,5,1,6,1,3,2,14
120,0,3,1,1,0,0,1,0,1.68,167,1,1,24,5,1,6,1,3,2,14
120,1,3,2,0,1,0,0,1,0.36,20,1,1,24,5,1,6,1,3,2,14
120,0,3,3,0,0,0,0,0,0,0,1,1,24,5,1,6,1,3,2,14
121,0,4,1,1,0,0,0,1,3.09,26,1,1,24,5,1,6,1,3,2,14
121,0,4,2,0,1,1,0,0,0.89,48,1,1,24,5,1,6,1,3,2,14
121,1,4,3,0,0,0,0,0,0,0,1,1,24,5,1,6,1,3,2,14
122,0,5,1,1,0,1,0,0,0.49,91,1,1,24,5,1,6,1,3,2,14
122,0,5,2,0,1,0,1,0,1.06,57,1,1,24,5,1,6,1,3,2,14
122,1,5,3,0,0,0,0,0,0,0,1,1,24,5,1,6,1,3,2,14
123,0,6,1,1,0,0,0,1,0.49,167,1,1,24,5,1,6,1,3,2,14
123,0,6,2,0,1,0,1,0,0.89,20,1,1,24,5,1,6,1,3,2,14
123,1,6,3,0,0,0,0,0,0,0,1,1,24,5,1,6,1,3,2,14
124,0,7,1,1,0,0,0,1,3.09,167,1,1,24,5,1,6,1,3,2,14
124,0,7,2,0,1,0,0,1,1.06,57,1,1,24,5,1,6,1,3,2,14
124,1,7,3,0,0,0,0,0,0,0,1,1,24,5,1,6,1,3,2,14
125,0,8,1,1,0,1,0,0,0.49,26,1,1,24,5,1,6,1,3,2,14
125,1,8,2,0,1,1,0,0,0.36,20,1,1,24,5,1,6,1,3,2,14
125,0,8,3,0,0,0,0,0,0,0,1,1,24,5,1,6,1,3,2,14
126,0,9,1,1,0,0,1,0,3.09,91,1,1,24,5,1,6,1,3,2,14
126,0,9,2,0,1,1,0,0,0.36,57,1,1,24,5,1,6,1,3,2,14
126,1,9,3,0,0,0,0,0,0,0,1,1,24,5,1,6,1,3,2,14
127,1,1,1,1,0,1,0,0,3.09,91,1,1,18,3,2,6,2,1,1,15
127,0,1,2,0,1,0,0,1,0.89,20,1,1,18,3,2,6,2,1,1,15
127,0,1,3,0,0,0,0,0,0,0,1,1,18,3,2,6,2,1,1,15
128,1,2,1,1,0,1,0,0,3.09,26,1,1,18,3,2,6,2,1,1,15
128,0,2,2,0,1,0,1,0,0.36,48,1,1,18,3,2,6,2,1,1,15
128,0,2,3,0,0,0,0,0,0,0,1,1,18,3,2,6,2,1,1,15
129,0,3,1,1,0,0,0,1,0.49,91,1,1,18,3,2,6,2,1,1,15
129,1,3,2,0,1,0,0,1,0.36,48,1,1,18,3,2,6,2,1,1,15
129,0,3,3,0,0,0,0,0,0,0,1,1,18,3,2,6,2,1,1,15
130,1,4,1,1,0,0,0,1,1.68,26,1,1,18,3,2,6,2,1,1,15
130,0,4,2,0,1,0,1,0,0.36,57,1,1,18,3,2,6,2,1,1,15
130,0,4,3,0,0,0,0,0,0,0,1,1,18,3,2,6,2,1,1,15
131,1,5,1,1,0,1,1,0,3.09,26,1,1,18,3,2,6,2,1,1,15
131,0,5,2,0,1,0,1,0,1.06,20,1,1,18,3,2,6,2,1,1,15
131,0,5,3,0,0,0,0,0,0,0,1,1,18,3,2,6,2,1,1,15
132,0,6,1,1,0,0,0,1,1.68,91,1,1,18,3,2,6,2,1,1,15
132,1,6,2,0,1,1,0,0,1.06,20,1,1,18,3,2,6,2,1,1,15
132,0,6,3,0,0,0,0,0,0,0,1,1,18,3,2,6,2,1,1,15
133,0,7,1,1,0,1,0,0,1.68,167,1,1,18,3,2,6,2,1,1,15
133,1,7,2,0,1,1,0,0,0.89,57,1,1,18,3,2,6,2,1,1,15
133,0,7,3,0,0,0,0,0,0,0,1,1,18,3,2,6,2,1,1,15
134,0,8,1,1,0,0,1,0,0.49,26,1,1,18,3,2,6,2,1,1,15
134,1,8,2,0,1,0,0,1,0.89,57,1,1,18,3,2,6,2,1,1,15
134,0,8,3,0,0,0,0,0,0,0,1,1,18,3,2,6,2,1,1,15
135,0,9,1,1,0,0,1,0,0.49,167,1,1,18,3,2,6,2,1,1,15
135,1,9,2,0,1,1,0,0,1.06,48,1,1,18,3,2,6,2,1,1,15
135,0,9,3,0,0,0,0,0,0,0,1,1,18,3,2,6,2,1,1,15
136,0,1,1,1,0,1,0,0,3.09,91,1,1,21,3,1,6,1,3,3,16
136,1,1,2,0,1,0,0,1,0.89,20,1,1,21,3,1,6,1,3,3,16
136,0,1,3,0,0,0,0,0,0,0,1,1,21,3,1,6,1,3,3,16
137,1,2,1,1,0,1,0,0,3.09,26,1,1,21,3,1,6,1,3,3,16
137,0,2,2,0,1,0,1,0,0.36,48,1,1,21,3,1,6,1,3,3,16
137,0,2,3,0,0,0,0,0,0,0,1,1,21,3,1,6,1,3,3,16
138,0,3,1,1,0,0,0,1,0.49,91,1,1,21,3,1,6,1,3,3,16
138,1,3,2,0,1,0,0,1,0.36,48,1,1,21,3,1,6,1,3,3,16
138,0,3,3,0,0,0,0,0,0,0,1,1,21,3,1,6,1,3,3,16
139,1,4,1,1,0,0,0,1,1.68,26,1,1,21,3,1,6,1,3,3,16
139,0,4,2,0,1,0,1,0,0.36,57,1,1,21,3,1,6,1,3,3,16
139,0,4,3,0,0,0,0,0,0,0,1,1,21,3,1,6,1,3,3,16
140,0,5,1,1,0,1,1,0,3.09,26,1,1,21,3,1,6,1,3,3,16
140,1,5,2,0,1,0,1,0,1.06,20,1,1,21,3,1,6,1,3,3,16
140,0,5,3,0,0,0,0,0,0,0,1,1,21,3,1,6,1,3,3,16
141,1,6,1,1,0,0,0,1,1.68,91,1,1,21,3,1,6,1,3,3,16
141,0,6,2,0,1,1,0,0,1.06,20,1,1,21,3,1,6,1,3,3,16
141,0,6,3,0,0,0,0,0,0,0,1,1,21,3,1,6,1,3,3,16
142,0,7,1,1,0,1,0,0,1.68,167,1,1,21,3,1,6,1,3,3,16
142,1,7,2,0,1,1,0,0,0.89,57,1,1,21,3,1,6,1,3,3,16
142,0,7,3,0,0,0,0,0,0,0,1,1,21,3,1,6,1,3,3,16
143,0,8,1,1,0,0,1,0,0.49,26,1,1,21,3,1,6,1,3,3,16
143,1,8,2,0,1,0,0,1,0.89,57,1,1,21,3,1,6,1,3,3,16
143,0,8,3,0,0,0,0,0,0,0,1,1,21,3,1,6,1,3,3,16
144,0,9,1,1,0,0,1,0,0.49,167,1,1,21,3,1,6,1,3,3,16
144,1,9,2,0,1,1,0,0,1.06,48,1,1,21,3,1,6,1,3,3,16
144,0,9,3,0,0,0,0,0,0,0,1,1,21,3,1,6,1,3,3,16
145,0,1,1,1,0,0,1,0,1.68,91,1,2,30,3,2,6,2,1,1,17
145,0,1,2,0,1,0,1,0,0.89,48,1,2,30,3,2,6,2,1,1,17
145,1,1,3,0,0,0,0,0,0,0,1,2,30,3,2,6,2,1,1,17
146,0,2,1,1,0,1,0,0,1.68,26,1,2,30,3,2,6,2,1,1,17
146,1,2,2,0,1,0,0,1,1.06,48,1,2,30,3,2,6,2,1,1,17
146,0,2,3,0,0,0,0,0,0,0,1,2,30,3,2,6,2,1,1,17
147,0,3,1,1,0,0,1,0,1.68,167,1,2,30,3,2,6,2,1,1,17
147,1,3,2,0,1,0,0,1,0.36,20,1,2,30,3,2,6,2,1,1,17
147,0,3,3,0,0,0,0,0,0,0,1,2,30,3,2,6,2,1,1,17
148,1,4,1,1,0,0,0,1,3.09,26,1,2,30,3,2,6,2,1,1,17
148,0,4,2,0,1,1,0,0,0.89,48,1,2,30,3,2,6,2,1,1,17
148,0,4,3,0,0,0,0,0,0,0,1,2,30,3,2,6,2,1,1,17
149,1,5,1,1,0,1,0,0,0.49,91,1,2,30,3,2,6,2,1,1,17
149,0,5,2,0,1,0,1,0,1.06,57,1,2,30,3,2,6,2,1,1,17
149,0,5,3,0,0,0,0,0,0,0,1,2,30,3,2,6,2,1,1,17
150,1,6,1,1,0,0,0,1,0.49,167,1,2,30,3,2,6,2,1,1,17
150,0,6,2,0,1,0,1,0,0.89,20,1,2,30,3,2,6,2,1,1,17
150,0,6,3,0,0,0,0,0,0,0,1,2,30,3,2,6,2,1,1,17
151,0,7,1,1,0,0,0,1,3.09,167,1,2,30,3,2,6,2,1,1,17
151,1,7,2,0,1,0,0,1,1.06,57,1,2,30,3,2,6,2,1,1,17
151,0,7,3,0,0,0,0,0,0,0,1,2,30,3,2,6,2,1,1,17
152,0,8,1,1,0,1,0,0,0.49,26,1,2,30,3,2,6,2,1,1,17
152,1,8,2,0,1,1,0,0,0.36,20,1,2,30,3,2,6,2,1,1,17
152,0,8,3,0,0,0,0,0,0,0,1,2,30,3,2,6,2,1,1,17
153,0,9,1,1,0,0,1,0,3.09,91,1,2,30,3,2,6,2,1,1,17
153,1,9,2,0,1,1,0,0,0.36,57,1,2,30,3,2,6,2,1,1,17
153,0,9,3,0,0,0,0,0,0,0,1,2,30,3,2,6,2,1,1,17
154,1,1,1,1,0,0,1,0,1.68,91,0,1,18,3,2,1,2,1,1,18
154,0,1,2,0,1,0,1,0,0.89,48,0,1,18,3,2,1,2,1,1,18
154,0,1,3,0,0,0,0,0,0,0,0,1,18,3,2,1,2,1,1,18
155,1,2,1,1,0,1,0,0,1.68,26,0,1,18,3,2,1,2,1,1,18
155,0,2,2,0,1,0,0,1,1.06,48,0,1,18,3,2,1,2,1,1,18
155,0,2,3,0,0,0,0,0,0,0,0,1,18,3,2,1,2,1,1,18
156,1,3,1,1,0,0,1,0,1.68,167,0,1,18,3,2,1,2,1,1,18
156,0,3,2,0,1,0,0,1,0.36,20,0,1,18,3,2,1,2,1,1,18
156,0,3,3,0,0,0,0,0,0,0,0,1,18,3,2,1,2,1,1,18
157,0,4,1,1,0,0,0,1,3.09,26,0,1,18,3,2,1,2,1,1,18
157,1,4,2,0,1,1,0,0,0.89,48,0,1,18,3,2,1,2,1,1,18
157,0,4,3,0,0,0,0,0,0,0,0,1,18,3,2,1,2,1,1,18
158,0,5,1,1,0,1,0,0,0.49,91,0,1,18,3,2,1,2,1,1,18
158,1,5,2,0,1,0,1,0,1.06,57,0,1,18,3,2,1,2,1,1,18
158,0,5,3,0,0,0,0,0,0,0,0,1,18,3,2,1,2,1,1,18
159,0,6,1,1,0,0,0,1,0.49,167,0,1,18,3,2,1,2,1,1,18
159,1,6,2,0,1,0,1,0,0.89,20,0,1,18,3,2,1,2,1,1,18
159,0,6,3,0,0,0,0,0,0,0,0,1,18,3,2,1,2,1,1,18
160,0,7,1,1,0,0,0,1,3.09,167,0,1,18,3,2,1,2,1,1,18
160,1,7,2,0,1,0,0,1,1.06,57,0,1,18,3,2,1,2,1,1,18
160,0,7,3,0,0,0,0,0,0,0,0,1,18,3,2,1,2,1,1,18
161,1,8,1,1,0,1,0,0,0.49,26,0,1,18,3,2,1,2,1,1,18
161,0,8,2,0,1,1,0,0,0.36,20,0,1,18,3,2,1,2,1,1,18
161,0,8,3,0,0,0,0,0,0,0,0,1,18,3,2,1,2,1,1,18
162,1,9,1,1,0,0,1,0,3.09,91,0,1,18,3,2,1,2,1,1,18
162,0,9,2,0,1,1,0,0,0.36,57,0,1,18,3,2,1,2,1,1,18
162,0,9,3,0,0,0,0,0,0,0,0,1,18,3,2,1,2,1,1,18
163,0,1,1,1,0,1,0,0,3.09,91,1,1,24,5,3,6,1,4,8,19
163,1,1,2,0,1,0,0,1,0.89,20,1,1,24,5,3,6,1,4,8,19
163,0,1,3,0,0,0,0,0,0,0,1,1,24,5,3,6,1,4,8,19
164,1,2,1,1,0,1,0,0,3.09,26,1,1,24,5,3,6,1,4,8,19
164,0,2,2,0,1,0,1,0,0.36,48,1,1,24,5,3,6,1,4,8,19
164,0,2,3,0,0,0,0,0,0,0,1,1,24,5,3,6,1,4,8,19
165,0,3,1,1,0,0,0,1,0.49,91,1,1,24,5,3,6,1,4,8,19
165,1,3,2,0,1,0,0,1,0.36,48,1,1,24,5,3,6,1,4,8,19
165,0,3,3,0,0,0,0,0,0,0,1,1,24,5,3,6,1,4,8,19
166,1,4,1,1,0,0,0,1,1.68,26,1,1,24,5,3,6,1,4,8,19
166,0,4,2,0,1,0,1,0,0.36,57,1,1,24,5,3,6,1,4,8,19
166,0,4,3,0,0,0,0,0,0,0,1,1,24,5,3,6,1,4,8,19
167,1,5,1,1,0,1,1,0,3.09,26,1,1,24,5,3,6,1,4,8,19
167,0,5,2,0,1,0,1,0,1.06,20,1,1,24,5,3,6,1,4,8,19
167,0,5,3,0,0,0,0,0,0,0,1,1,24,5,3,6,1,4,8,19
168,0,6,1,1,0,0,0,1,1.68,91,1,1,24,5,3,6,1,4,8,19
168,1,6,2,0,1,1,0,0,1.06,20,1,1,24,5,3,6,1,4,8,19
168,0,6,3,0,0,0,0,0,0,0,1,1,24,5,3,6,1,4,8,19
169,0,7,1,1,0,1,0,0,1.68,167,1,1,24,5,3,6,1,4,8,19
169,1,7,2,0,1,1,0,0,0.89,57,1,1,24,5,3,6,1,4,8,19
169,0,7,3,0,0,0,0,0,0,0,1,1,24,5,3,6,1,4,8,19
170,0,8,1,1,0,0,1,0,0.49,26,1,1,24,5,3,6,1,4,8,19
170,1,8,2,0,1,0,0,1,0.89,57,1,1,24,5,3,6,1,4,8,19
170,0,8,3,0,0,0,0,0,0,0,1,1,24,5,3,6,1,4,8,19
171,0,9,1,1,0,0,1,0,0.49,167,1,1,24,5,3,6,1,4,8,19
171,1,9,2,0,1,1,0,0,1.06,48,1,1,24,5,3,6,1,4,8,19
171,0,9,3,0,0,0,0,0,0,0,1,1,24,5,3,6,1,4,8,19
172,0,1,1,1,0,0,1,0,1.68,91,1,1,20,3,2,6,2,6,5,20
172,1,1,2,0,1,0,1,0,0.89,48,1,1,20,3,2,6,2,6,5,20
172,0,1,3,0,0,0,0,0,0,0,1,1,20,3,2,6,2,6,5,20
173,0,2,1,1,0,1,0,0,1.68,26,1,1,20,3,2,6,2,6,5,20
173,1,2,2,0,1,0,0,1,1.06,48,1,1,20,3,2,6,2,6,5,20
173,0,2,3,0,0,0,0,0,0,0,1,1,20,3,2,6,2,6,5,20
174,0,3,1,1,0,0,1,0,1.68,167,1,1,20,3,2,6,2,6,5,20
174,1,3,2,0,1,0,0,1,0.36,20,1,1,20,3,2,6,2,6,5,20
174,0,3,3,0,0,0,0,0,0,0,1,1,20,3,2,6,2,6,5,20
175,0,4,1,1,0,0,0,1,3.09,26,1,1,20,3,2,6,2,6,5,20
175,1,4,2,0,1,1,0,0,0.89,48,1,1,20,3,2,6,2,6,5,20
175,0,4,3,0,0,0,0,0,0,0,1,1,20,3,2,6,2,6,5,20
176,1,5,1,1,0,1,0,0,0.49,91,1,1,20,3,2,6,2,6,5,20
176,0,5,2,0,1,0,1,0,1.06,57,1,1,20,3,2,6,2,6,5,20
176,0,5,3,0,0,0,0,0,0,0,1,1,20,3,2,6,2,6,5,20
177,1,6,1,1,0,0,0,1,0.49,167,1,1,20,3,2,6,2,6,5,20
177,0,6,2,0,1,0,1,0,0.89,20,1,1,20,3,2,6,2,6,5,20
177,0,6,3,0,0,0,0,0,0,0,1,1,20,3,2,6,2,6,5,20
178,0,7,1,1,0,0,0,1,3.09,167,1,1,20,3,2,6,2,6,5,20
178,1,7,2,0,1,0,0,1,1.06,57,1,1,20,3,2,6,2,6,5,20
178,0,7,3,0,0,0,0,0,0,0,1,1,20,3,2,6,2,6,5,20
179,0,8,1,1,0,1,0,0,0.49,26,1,1,20,3,2,6,2,6,5,20
179,1,8,2,0,1,1,0,0,0.36,20,1,1,20,3,2,6,2,6,5,20
179,0,8,3,0,0,0,0,0,0,0,1,1,20,3,2,6,2,6,5,20
180,0,9,1,1,0,0,1,0,3.09,91,1,1,20,3,2,6,2,6,5,20
180,1,9,2,0,1,1,0,0,0.36,57,1,1,20,3,2,6,2,6,5,20
180,0,9,3,0,0,0,0,0,0,0,1,1,20,3,2,6,2,6,5,20
181,1,1,1,1,0,1,0,0,3.09,91,1,2,30,6,1,1,1,2,0,21
181,0,1,2,0,1,0,0,1,0.89,20,1,2,30,6,1,1,1,2,0,21
181,0,1,3,0,0,0,0,0,0,0,1,2,30,6,1,1,1,2,0,21
182,1,2,1,1,0,1,0,0,3.09,26,1,2,30,6,1,1,1,2,0,21
182,0,2,2,0,1,0,1,0,0.36,48,1,2,30,6,1,1,1,2,0,21
182,0,2,3,0,0,0,0,0,0,0,1,2,30,6,1,1,1,2,0,21
183,1,3,1,1,0,0,0,1,0.49,91,1,2,30,6,1,1,1,2,0,21
183,0,3,2,0,1,0,0,1,0.36,48,1,2,30,6,1,1,1,2,0,21
183,0,3,3,0,0,0,0,0,0,0,1,2,30,6,1,1,1,2,0,21
184,0,4,1,1,0,0,0,1,1.68,26,1,2,30,6,1,1,1,2,0,21
184,1,4,2,0,1,0,1,0,0.36,57,1,2,30,6,1,1,1,2,0,21
184,0,4,3,0,0,0,0,0,0,0,1,2,30,6,1,1,1,2,0,21
185,1,5,1,1,0,1,1,0,3.09,26,1,2,30,6,1,1,1,2,0,21
185,0,5,2,0,1,0,1,0,1.06,20,1,2,30,6,1,1,1,2,0,21
185,0,5,3,0,0,0,0,0,0,0,1,2,30,6,1,1,1,2,0,21
186,0,6,1,1,0,0,0,1,1.68,91,1,2,30,6,1,1,1,2,0,21
186,1,6,2,0,1,1,0,0,1.06,20,1,2,30,6,1,1,1,2,0,21
186,0,6,3,0,0,0,0,0,0,0,1,2,30,6,1,1,1,2,0,21
187,1,7,1,1,0,1,0,0,1.68,167,1,2,30,6,1,1,1,2,0,21
187,0,7,2,0,1,1,0,0,0.89,57,1,2,30,6,1,1,1,2,0,21
187,0,7,3,0,0,0,0,0,0,0,1,2,30,6,1,1,1,2,0,21
188,1,8,1,1,0,0,1,0,0.49,26,1,2,30,6,1,1,1,2,0,21
188,0,8,2,0,1,0,0,1,0.89,57,1,2,30,6,1,1,1,2,0,21
188,0,8,3,0,0,0,0,0,0,0,1,2,30,6,1,1,1,2,0,21
189,1,9,1,1,0,0,1,0,0.49,167,1,2,30,6,1,1,1,2,0,21
189,0,9,2,0,1,1,0,0,1.06,48,1,2,30,6,1,1,1,2,0,21
189,0,9,3,0,0,0,0,0,0,0,1,2,30,6,1,1,1,2,0,21
190,0,1,1,1,0,0,1,0,1.68,91,1,3,40,5,3,1,2,2,9,22
190,1,1,2,0,1,0,1,0,0.89,48,1,3,40,5,3,1,2,2,9,22
190,0,1,3,0,0,0,0,0,0,0,1,3,40,5,3,1,2,2,9,22
191,0,2,1,1,0,1,0,0,1.68,26,1,3,40,5,3,1,2,2,9,22
191,1,2,2,0,1,0,0,1,1.06,48,1,3,40,5,3,1,2,2,9,22
191,0,2,3,0,0,0,0,0,0,0,1,3,40,5,3,1,2,2,9,22
192,0,3,1,1,0,0,1,0,1.68,167,1,3,40,5,3,1,2,2,9,22
192,1,3,2,0,1,0,0,1,0.36,20,1,3,40,5,3,1,2,2,9,22
192,0,3,3,0,0,0,0,0,0,0,1,3,40,5,3,1,2,2,9,22
193,1,4,1,1,0,0,0,1,3.09,26,1,3,40,5,3,1,2,2,9,22
193,0,4,2,0,1,1,0,0,0.89,48,1,3,40,5,3,1,2,2,9,22
193,0,4,3,0,0,0,0,0,0,0,1,3,40,5,3,1,2,2,9,22
194,0,5,1,1,0,1,0,0,0.49,91,1,3,40,5,3,1,2,2,9,22
194,1,5,2,0,1,0,1,0,1.06,57,1,3,40,5,3,1,2,2,9,22
194,0,5,3,0,0,0,0,0,0,0,1,3,40,5,3,1,2,2,9,22
195,1,6,1,1,0,0,0,1,0.49,167,1,3,40,5,3,1,2,2,9,22
195,0,6,2,0,1,0,1,0,0.89,20,1,3,40,5,3,1,2,2,9,22
195,0,6,3,0,0,0,0,0,0,0,1,3,40,5,3,1,2,2,9,22
196,1,7,1,1,0,0,0,1,3.09,167,1,3,40,5,3,1,2,2,9,22
196,0,7,2,0,1,0,0,1,1.06,57,1,3,40,5,3,1,2,2,9,22
196,0,7,3,0,0,0,0,0,0,0,1,3,40,5,3,1,2,2,9,22
197,0,8,1,1,0,1,0,0,0.49,26,1,3,40,5,3,1,2,2,9,22
197,1,8,2,0,1,1,0,0,0.36,20,1,3,40,5,3,1,2,2,9,22
197,0,8,3,0,0,0,0,0,0,0,1,3,40,5,3,1,2,2,9,22
198,1,9,1,1,0,0,1,0,3.09,91,1,3,40,5,3,1,2,2,9,22
198,0,9,2,0,1,1,0,0,0.36,57,1,3,40,5,3,1,2,2,9,22
198,0,9,3,0,0,0,0,0,0,0,1,3,40,5,3,1,2,2,9,22
199,0,1,1,1,0,1,0,0,3.09,91,1,4,50,4,3,6,1,3,0,23
199,1,1,2,0,1,0,0,1,0.89,20,1,4,50,4,3,6,1,3,0,23
199,0,1,3,0,0,0,0,0,0,0,1,4,50,4,3,6,1,3,0,23
200,0,2,1,1,0,1,0,0,3.09,26,1,4,50,4,3,6,1,3,0,23
200,1,2,2,0,1,0,1,0,0.36,48,1,4,50,4,3,6,1,3,0,23
200,0,2,3,0,0,0,0,0,0,0,1,4,50,4,3,6,1,3,0,23
201,1,3,1,1,0,0,0,1,0.49,91,1,4,50,4,3,6,1,3,0,23
201,0,3,2,0,1,0,0,1,0.36,48,1,4,50,4,3,6,1,3,0,23
201,0,3,3,0,0,0,0,0,0,0,1,4,50,4,3,6,1,3,0,23
202,1,4,1,1,0,0,0,1,1.68,26,1,4,50,4,3,6,1,3,0,23
202,0,4,2,0,1,0,1,0,0.36,57,1,4,50,4,3,6,1,3,0,23
202,0,4,3,0,0,0,0,0,0,0,1,4,50,4,3,6,1,3,0,23
203,1,5,1,1,0,1,1,0,3.09,26,1,4,50,4,3,6,1,3,0,23
203,0,5,2,0,1,0,1,0,1.06,20,1,4,50,4,3,6,1,3,0,23
203,0,5,3,0,0,0,0,0,0,0,1,4,50,4,3,6,1,3,0,23
204,1,6,1,1,0,0,0,1,1.68,91,1,4,50,4,3,6,1,3,0,23
204,0,6,2,0,1,1,0,0,1.06,20,1,4,50,4,3,6,1,3,0,23
204,0,6,3,0,0,0,0,0,0,0,1,4,50,4,3,6,1,3,0,23
205,0,7,1,1,0,1,0,0,1.68,167,1,4,50,4,3,6,1,3,0,23
205,1,7,2,0,1,1,0,0,0.89,57,1,4,50,4,3,6,1,3,0,23
205,0,7,3,0,0,0,0,0,0,0,1,4,50,4,3,6,1,3,0,23
206,0,8,1,1,0,0,1,0,0.49,26,1,4,50,4,3,6,1,3,0,23
206,1,8,2,0,1,0,0,1,0.89,57,1,4,50,4,3,6,1,3,0,23
206,0,8,3,0,0,0,0,0,0,0,1,4,50,4,3,6,1,3,0,23
207,1,9,1,1,0,0,1,0,0.49,167,1,4,50,4,3,6,1,3,0,23
207,0,9,2,0,1,1,0,0,1.06,48,1,4,50,4,3,6,1,3,0,23
207,0,9,3,0,0,0,0,0,0,0,1,4,50,4,3,6,1,3,0,23
208,0,1,1,1,0,1,0,0,3.09,91,0,1,20,3,2,6,2,1,1,24
208,1,1,2,0,1,0,0,1,0.89,20,0,1,20,3,2,6,2,1,1,24
208,0,1,3,0,0,0,0,0,0,0,0,1,20,3,2,6,2,1,1,24
209,0,2,1,1,0,1,0,0,3.09,26,0,1,20,3,2,6,2,1,1,24
209,1,2,2,0,1,0,1,0,0.36,48,0,1,20,3,2,6,2,1,1,24
209,0,2,3,0,0,0,0,0,0,0,0,1,20,3,2,6,2,1,1,24
210,0,3,1,1,0,0,0,1,0.49,91,0,1,20,3,2,6,2,1,1,24
210,1,3,2,0,1,0,0,1,0.36,48,0,1,20,3,2,6,2,1,1,24
210,0,3,3,0,0,0,0,0,0,0,0,1,20,3,2,6,2,1,1,24
211,0,4,1,1,0,0,0,1,1.68,26,0,1,20,3,2,6,2,1,1,24
211,1,4,2,0,1,0,1,0,0.36,57,0,1,20,3,2,6,2,1,1,24
211,0,4,3,0,0,0,0,0,0,0,0,1,20,3,2,6,2,1,1,24
212,1,5,1,1,0,1,1,0,3.09,26,0,1,20,3,2,6,2,1,1,24
212,0,5,2,0,1,0,1,0,1.06,20,0,1,20,3,2,6,2,1,1,24
212,0,5,3,0,0,0,0,0,0,0,0,1,20,3,2,6,2,1,1,24
213,1,6,1,1,0,0,0,1,1.68,91,0,1,20,3,2,6,2,1,1,24
213,0,6,2,0,1,1,0,0,1.06,20,0,1,20,3,2,6,2,1,1,24
213,0,6,3,0,0,0,0,0,0,0,0,1,20,3,2,6,2,1,1,24
214,1,7,1,1,0,1,0,0,1.68,167,0,1,20,3,2,6,2,1,1,24
214,0,7,2,0,1,1,0,0,0.89,57,0,1,20,3,2,6,2,1,1,24
214,0,7,3,0,0,0,0,0,0,0,0,1,20,3,2,6,2,1,1,24
215,0,8,1,1,0,0,1,0,0.49,26,0,1,20,3,2,6,2,1,1,24
215,1,8,2,0,1,0,0,1,0.89,57,0,1,20,3,2,6,2,1,1,24
215,0,8,3,0,0,0,0,0,0,0,0,1,20,3,2,6,2,1,1,24
216,1,9,1,1,0,0,1,0,0.49,167,0,1,20,3,2,6,2,1,1,24
216,0,9,2,0,1,1,0,0,1.06,48,0,1,20,3,2,6,2,1,1,24
216,0,9,3,0,0,0,0,0,0,0,0,1,20,3,2,6,2,1,1,24
217,0,1,1,1,0,0,1,0,1.68,91,0,2,25,3,2,1,2,1,2,25
217,1,1,2,0,1,0,1,0,0.89,48,0,2,25,3,2,1,2,1,2,25
217,0,1,3,0,0,0,0,0,0,0,0,2,25,3,2,1,2,1,2,25
218,0,2,1,1,0,1,0,0,1.68,26,0,2,25,3,2,1,2,1,2,25
218,1,2,2,0,1,0,0,1,1.06,48,0,2,25,3,2,1,2,1,2,25
218,0,2,3,0,0,0,0,0,0,0,0,2,25,3,2,1,2,1,2,25
219,0,3,1,1,0,0,1,0,1.68,167,0,2,25,3,2,1,2,1,2,25
219,1,3,2,0,1,0,0,1,0.36,20,0,2,25,3,2,1,2,1,2,25
219,0,3,3,0,0,0,0,0,0,0,0,2,25,3,2,1,2,1,2,25
220,1,4,1,1,0,0,0,1,3.09,26,0,2,25,3,2,1,2,1,2,25
220,0,4,2,0,1,1,0,0,0.89,48,0,2,25,3,2,1,2,1,2,25
220,0,4,3,0,0,0,0,0,0,0,0,2,25,3,2,1,2,1,2,25
221,0,5,1,1,0,1,0,0,0.49,91,0,2,25,3,2,1,2,1,2,25
221,1,5,2,0,1,0,1,0,1.06,57,0,2,25,3,2,1,2,1,2,25
221,0,5,3,0,0,0,0,0,0,0,0,2,25,3,2,1,2,1,2,25
222,1,6,1,1,0,0,0,1,0.49,167,0,2,25,3,2,1,2,1,2,25
222,0,6,2,0,1,0,1,0,0.89,20,0,2,25,3,2,1,2,1,2,25
222,0,6,3,0,0,0,0,0,0,0,0,2,25,3,2,1,2,1,2,25
223,1,7,1,1,0,0,0,1,3.09,167,0,2,25,3,2,1,2,1,2,25
223,0,7,2,0,1,0,0,1,1.06,57,0,2,25,3,2,1,2,1,2,25
223,0,7,3,0,0,0,0,0,0,0,0,2,25,3,2,1,2,1,2,25
224,1,8,1,1,0,1,0,0,0.49,26,0,2,25,3,2,1,2,1,2,25
224,0,8,2,0,1,1,0,0,0.36,20,0,2,25,3,2,1,2,1,2,25
224,0,8,3,0,0,0,0,0,0,0,0,2,25,3,2,1,2,1,2,25
225,1,9,1,1,0,0,1,0,3.09,91,0,2,25,3,2,1,2,1,2,25
225,0,9,2,0,1,1,0,0,0.36,57,0,2,25,3,2,1,2,1,2,25
225,0,9,3,0,0,0,0,0,0,0,0,2,25,3,2,1,2,1,2,25
226,0,1,1,1,0,1,0,0,3.09,91,0,6,69,4,1,1,1,2,11,26
226,1,1,2,0,1,0,0,1,0.89,20,0,6,69,4,1,1,1,2,11,26
226,0,1,3,0,0,0,0,0,0,0,0,6,69,4,1,1,1,2,11,26
227,0,2,1,1,0,1,0,0,3.09,26,0,6,69,4,1,1,1,2,11,26
227,1,2,2,0,1,0,1,0,0.36,48,0,6,69,4,1,1,1,2,11,26
227,0,2,3,0,0,0,0,0,0,0,0,6,69,4,1,1,1,2,11,26
228,0,3,1,1,0,0,0,1,0.49,91,0,6,69,4,1,1,1,2,11,26
228,1,3,2,0,1,0,0,1,0.36,48,0,6,69,4,1,1,1,2,11,26
228,0,3,3,0,0,0,0,0,0,0,0,6,69,4,1,1,1,2,11,26
229,0,4,1,1,0,0,0,1,1.68,26,0,6,69,4,1,1,1,2,11,26
229,1,4,2,0,1,0,1,0,0.36,57,0,6,69,4,1,1,1,2,11,26
229,0,4,3,0,0,0,0,0,0,0,0,6,69,4,1,1,1,2,11,26
230,0,5,1,1,0,1,1,0,3.09,26,0,6,69,4,1,1,1,2,11,26
230,1,5,2,0,1,0,1,0,1.06,20,0,6,69,4,1,1,1,2,11,26
230,0,5,3,0,0,0,0,0,0,0,0,6,69,4,1,1,1,2,11,26
231,0,6,1,1,0,0,0,1,1.68,91,0,6,69,4,1,1,1,2,11,26
231,1,6,2,0,1,1,0,0,1.06,20,0,6,69,4,1,1,1,2,11,26
231,0,6,3,0,0,0,0,0,0,0,0,6,69,4,1,1,1,2,11,26
232,0,7,1,1,0,1,0,0,1.68,167,0,6,69,4,1,1,1,2,11,26
232,1,7,2,0,1,1,0,0,0.89,57,0,6,69,4,1,1,1,2,11,26
232,0,7,3,0,0,0,0,0,0,0,0,6,69,4,1,1,1,2,11,26
233,0,8,1,1,0,0,1,0,0.49,26,0,6,69,4,1,1,1,2,11,26
233,1,8,2,0,1,0,0,1,0.89,57,0,6,69,4,1,1,1,2,11,26
233,0,8,3,0,0,0,0,0,0,0,0,6,69,4,1,1,1,2,11,26
234,0,9,1,1,0,0,1,0,0.49,167,0,6,69,4,1,1,1,2,11,26
234,1,9,2,0,1,1,0,0,1.06,48,0,6,69,4,1,1,1,2,11,26
234,0,9,3,0,0,0,0,0,0,0,0,6,69,4,1,1,1,2,11,26
235,1,1,1,1,0,0,1,0,1.68,91,1,2,26,4,2,6,1,3,2,27
235,0,1,2,0,1,0,1,0,0.89,48,1,2,26,4,2,6,1,3,2,27
235,0,1,3,0,0,0,0,0,0,0,1,2,26,4,2,6,1,3,2,27
236,1,2,1,1,0,1,0,0,1.68,26,1,2,26,4,2,6,1,3,2,27
236,0,2,2,0,1,0,0,1,1.06,48,1,2,26,4,2,6,1,3,2,27
236,0,2,3,0,0,0,0,0,0,0,1,2,26,4,2,6,1,3,2,27
237,1,3,1,1,0,0,1,0,1.68,167,1,2,26,4,2,6,1,3,2,27
237,0,3,2,0,1,0,0,1,0.36,20,1,2,26,4,2,6,1,3,2,27
237,0,3,3,0,0,0,0,0,0,0,1,2,26,4,2,6,1,3,2,27
238,1,4,1,1,0,0,0,1,3.09,26,1,2,26,4,2,6,1,3,2,27
238,0,4,2,0,1,1,0,0,0.89,48,1,2,26,4,2,6,1,3,2,27
238,0,4,3,0,0,0,0,0,0,0,1,2,26,4,2,6,1,3,2,27
239,1,5,1,1,0,1,0,0,0.49,91,1,2,26,4,2,6,1,3,2,27
239,0,5,2,0,1,0,1,0,1.06,57,1,2,26,4,2,6,1,3,2,27
239,0,5,3,0,0,0,0,0,0,0,1,2,26,4,2,6,1,3,2,27
240,0,6,1,1,0,0,0,1,0.49,167,1,2,26,4,2,6,1,3,2,27
240,1,6,2,0,1,0,1,0,0.89,20,1,2,26,4,2,6,1,3,2,27
240,0,6,3,0,0,0,0,0,0,0,1,2,26,4,2,6,1,3,2,27
241,1,7,1,1,0,0,0,1,3.09,167,1,2,26,4,2,6,1,3,2,27
241,0,7,2,0,1,0,0,1,1.06,57,1,2,26,4,2,6,1,3,2,27
241,0,7,3,0,0,0,0,0,0,0,1,2,26,4,2,6,1,3,2,27
242,0,8,1,1,0,1,0,0,0.49,26,1,2,26,4,2,6,1,3,2,27
242,1,8,2,0,1,1,0,0,0.36,20,1,2,26,4,2,6,1,3,2,27
242,0,8,3,0,0,0,0,0,0,0,1,2,26,4,2,6,1,3,2,27
243,1,9,1,1,0,0,1,0,3.09,91,1,2,26,4,2,6,1,3,2,27
243,0,9,2,0,1,1,0,0,0.36,57,1,2,26,4,2,6,1,3,2,27
243,0,9,3,0,0,0,0,0,0,0,1,2,26,4,2,6,1,3,2,27
244,0,1,1,1,0,0,1,0,1.68,91,1,4,45,5,3,6,2,2,4,28
244,1,1,2,0,1,0,1,0,0.89,48,1,4,45,5,3,6,2,2,4,28
244,0,1,3,0,0,0,0,0,0,0,1,4,45,5,3,6,2,2,4,28
245,0,2,1,1,0,1,0,0,1.68,26,1,4,45,5,3,6,2,2,4,28
245,1,2,2,0,1,0,0,1,1.06,48,1,4,45,5,3,6,2,2,4,28
245,0,2,3,0,0,0,0,0,0,0,1,4,45,5,3,6,2,2,4,28
246,0,3,1,1,0,0,1,0,1.68,167,1,4,45,5,3,6,2,2,4,28
246,1,3,2,0,1,0,0,1,0.36,20,1,4,45,5,3,6,2,2,4,28
246,0,3,3,0,0,0,0,0,0,0,1,4,45,5,3,6,2,2,4,28
247,0,4,1,1,0,0,0,1,3.09,26,1,4,45,5,3,6,2,2,4,28
247,1,4,2,0,1,1,0,0,0.89,48,1,4,45,5,3,6,2,2,4,28
247,0,4,3,0,0,0,0,0,0,0,1,4,45,5,3,6,2,2,4,28
248,0,5,1,1,0,1,0,0,0.49,91,1,4,45,5,3,6,2,2,4,28
248,1,5,2,0,1,0,1,0,1.06,57,1,4,45,5,3,6,2,2,4,28
248,0,5,3,0,0,0,0,0,0,0,1,4,45,5,3,6,2,2,4,28
249,0,6,1,1,0,0,0,1,0.49,167,1,4,45,5,3,6,2,2,4,28
249,1,6,2,0,1,0,1,0,0.89,20,1,4,45,5,3,6,2,2,4,28
249,0,6,3,0,0,0,0,0,0,0,1,4,45,5,3,6,2,2,4,28
250,0,7,1,1,0,0,0,1,3.09,167,1,4,45,5,3,6,2,2,4,28
250,1,7,2,0,1,0,0,1,1.06,57,1,4,45,5,3,6,2,2,4,28
250,0,7,3,0,0,0,0,0,0,0,1,4,45,5,3,6,2,2,4,28
251,1,8,1,1,0,1,0,0,0.49,26,1,4,45,5,3,6,2,2,4,28
251,0,8,2,0,1,1,0,0,0.36,20,1,4,45,5,3,6,2,2,4,28
251,0,8,3,0,0,0,0,0,0,0,1,4,45,5,3,6,2,2,4,28
252,1,9,1,1,0,0,1,0,3.09,91,1,4,45,5,3,6,2,2,4,28
252,0,9,2,0,1,1,0,0,0.36,57,1,4,45,5,3,6,2,2,4,28
252,0,9,3,0,0,0,0,0,0,0,1,4,45,5,3,6,2,2,4,28
253,0,1,1,1,0,0,1,0,1.68,91,1,4,50,6,1,1,1,4,9,29
253,1,1,2,0,1,0,1,0,0.89,48,1,4,50,6,1,1,1,4,9,29
253,0,1,3,0,0,0,0,0,0,0,1,4,50,6,1,1,1,4,9,29
254,0,2,1,1,0,1,0,0,1.68,26,1,4,50,6,1,1,1,4,9,29
254,1,2,2,0,1,0,0,1,1.06,48,1,4,50,6,1,1,1,4,9,29
254,0,2,3,0,0,0,0,0,0,0,1,4,50,6,1,1,1,4,9,29
255,0,3,1,1,0,0,1,0,1.68,167,1,4,50,6,1,1,1,4,9,29
255,1,3,2,0,1,0,0,1,0.36,20,1,4,50,6,1,1,1,4,9,29
255,0,3,3,0,0,0,0,0,0,0,1,4,50,6,1,1,1,4,9,29
256,1,4,1,1,0,0,0,1,3.09,26,1,4,50,6,1,1,1,4,9,29
256,0,4,2,0,1,1,0,0,0.89,48,1,4,50,6,1,1,1,4,9,29
256,0,4,3,0,0,0,0,0,0,0,1,4,50,6,1,1,1,4,9,29
257,1,5,1,1,0,1,0,0,0.49,91,1,4,50,6,1,1,1,4,9,29
257,0,5,2,0,1,0,1,0,1.06,57,1,4,50,6,1,1,1,4,9,29
257,0,5,3,0,0,0,0,0,0,0,1,4,50,6,1,1,1,4,9,29
258,1,6,1,1,0,0,0,1,0.49,167,1,4,50,6,1,1,1,4,9,29
258,0,6,2,0,1,0,1,0,0.89,20,1,4,50,6,1,1,1,4,9,29
258,0,6,3,0,0,0,0,0,0,0,1,4,50,6,1,1,1,4,9,29
259,1,7,1,1,0,0,0,1,3.09,167,1,4,50,6,1,1,1,4,9,29
259,0,7,2,0,1,0,0,1,1.06,57,1,4,50,6,1,1,1,4,9,29
259,0,7,3,0,0,0,0,0,0,0,1,4,50,6,1,1,1,4,9,29
260,0,8,1,1,0,1,0,0,0.49,26,1,4,50,6,1,1,1,4,9,29
260,1,8,2,0,1,1,0,0,0.36,20,1,4,50,6,1,1,1,4,9,29
260,0,8,3,0,0,0,0,0,0,0,1,4,50,6,1,1,1,4,9,29
261,0,9,1,1,0,0,1,0,3.09,91,1,4,50,6,1,1,1,4,9,29
261,1,9,2,0,1,1,0,0,0.36,57,1,4,50,6,1,1,1,4,9,29
261,0,9,3,0,0,0,0,0,0,0,1,4,50,6,1,1,1,4,9,29
262,0,1,1,1,0,1,0,0,3.09,91,1,3,37,4,1,2,1,7,4,30
262,1,1,2,0,1,0,0,1,0.89,20,1,3,37,4,1,2,1,7,4,30
262,0,1,3,0,0,0,0,0,0,0,1,3,37,4,1,2,1,7,4,30
263,0,2,1,1,0,1,0,0,3.09,26,1,3,37,4,1,2,1,7,4,30
263,1,2,2,0,1,0,1,0,0.36,48,1,3,37,4,1,2,1,7,4,30
263,0,2,3,0,0,0,0,0,0,0,1,3,37,4,1,2,1,7,4,30
264,0,3,1,1,0,0,0,1,0.49,91,1,3,37,4,1,2,1,7,4,30
264,1,3,2,0,1,0,0,1,0.36,48,1,3,37,4,1,2,1,7,4,30
264,0,3,3,0,0,0,0,0,0,0,1,3,37,4,1,2,1,7,4,30
265,1,4,1,1,0,0,0,1,1.68,26,1,3,37,4,1,2,1,7,4,30
265,0,4,2,0,1,0,1,0,0.36,57,1,3,37,4,1,2,1,7,4,30
265,0,4,3,0,0,0,0,0,0,0,1,3,37,4,1,2,1,7,4,30
266,1,5,1,1,0,1,1,0,3.09,26,1,3,37,4,1,2,1,7,4,30
266,0,5,2,0,1,0,1,0,1.06,20,1,3,37,4,1,2,1,7,4,30
266,0,5,3,0,0,0,0,0,0,0,1,3,37,4,1,2,1,7,4,30
267,0,6,1,1,0,0,0,1,1.68,91,1,3,37,4,1,2,1,7,4,30
267,1,6,2,0,1,1,0,0,1.06,20,1,3,37,4,1,2,1,7,4,30
267,0,6,3,0,0,0,0,0,0,0,1,3,37,4,1,2,1,7,4,30
268,0,7,1,1,0,1,0,0,1.68,167,1,3,37,4,1,2,1,7,4,30
268,1,7,2,0,1,1,0,0,0.89,57,1,3,37,4,1,2,1,7,4,30
268,0,7,3,0,0,0,0,0,0,0,1,3,37,4,1,2,1,7,4,30
269,0,8,1,1,0,0,1,0,0.49,26,1,3,37,4,1,2,1,7,4,30
269,1,8,2,0,1,0,0,1,0.89,57,1,3,37,4,1,2,1,7,4,30
269,0,8,3,0,0,0,0,0,0,0,1,3,37,4,1,2,1,7,4,30
270,0,9,1,1,0,0,1,0,0.49,167,1,3,37,4,1,2,1,7,4,30
270,1,9,2,0,1,1,0,0,1.06,48,1,3,37,4,1,2,1,7,4,30
270,0,9,3,0,0,0,0,0,0,0,1,3,37,4,1,2,1,7,4,30
271,1,1,1,1,0,0,1,0,1.68,91,0,1,19,3,2,6,2,1,1,31
271,0,1,2,0,1,0,1,0,0.89,48,0,1,19,3,2,6,2,1,1,31
271,0,1,3,0,0,0,0,0,0,0,0,1,19,3,2,6,2,1,1,31
272,1,2,1,1,0,1,0,0,1.68,26,0,1,19,3,2,6,2,1,1,31
272,0,2,2,0,1,0,0,1,1.06,48,0,1,19,3,2,6,2,1,1,31
272,0,2,3,0,0,0,0,0,0,0,0,1,19,3,2,6,2,1,1,31
273,1,3,1,1,0,0,1,0,1.68,167,0,1,19,3,2,6,2,1,1,31
273,0,3,2,0,1,0,0,1,0.36,20,0,1,19,3,2,6,2,1,1,31
273,0,3,3,0,0,0,0,0,0,0,0,1,19,3,2,6,2,1,1,31
274,1,4,1,1,0,0,0,1,3.09,26,0,1,19,3,2,6,2,1,1,31
274,0,4,2,0,1,1,0,0,0.89,48,0,1,19,3,2,6,2,1,1,31
274,0,4,3,0,0,0,0,0,0,0,0,1,19,3,2,6,2,1,1,31
275,0,5,1,1,0,1,0,0,0.49,91,0,1,19,3,2,6,2,1,1,31
275,1,5,2,0,1,0,1,0,1.06,57,0,1,19,3,2,6,2,1,1,31
275,0,5,3,0,0,0,0,0,0,0,0,1,19,3,2,6,2,1,1,31
276,0,6,1,1,0,0,0,1,0.49,167,0,1,19,3,2,6,2,1,1,31
276,1,6,2,0,1,0,1,0,0.89,20,0,1,19,3,2,6,2,1,1,31
276,0,6,3,0,0,0,0,0,0,0,0,1,19,3,2,6,2,1,1,31
277,1,7,1,1,0,0,0,1,3.09,167,0,1,19,3,2,6,2,1,1,31
277,0,7,2,0,1,0,0,1,1.06,57,0,1,19,3,2,6,2,1,1,31
277,0,7,3,0,0,0,0,0,0,0,0,1,19,3,2,6,2,1,1,31
278,1,8,1,1,0,1,0,0,0.49,26,0,1,19,3,2,6,2,1,1,31
278,0,8,2,0,1,1,0,0,0.36,20,0,1,19,3,2,6,2,1,1,31
278,0,8,3,0,0,0,0,0,0,0,0,1,19,3,2,6,2,1,1,31
279,1,9,1,1,0,0,1,0,3.09,91,0,1,19,3,2,6,2,1,1,31
279,0,9,2,0,1,1,0,0,0.36,57,0,1,19,3,2,6,2,1,1,31
279,0,9,3,0,0,0,0,0,0,0,0,1,19,3,2,6,2,1,1,31
280,0,1,1,1,0,1,0,0,3.09,91,1,1,24,2,2,1,2,1,2,32
280,1,1,2,0,1,0,0,1,0.89,20,1,1,24,2,2,1,2,1,2,32
280,0,1,3,0,0,0,0,0,0,0,1,1,24,2,2,1,2,1,2,32
281,1,2,1,1,0,1,0,0,3.09,26,1,1,24,2,2,1,2,1,2,32
281,0,2,2,0,1,0,1,0,0.36,48,1,1,24,2,2,1,2,1,2,32
281,0,2,3,0,0,0,0,0,0,0,1,1,24,2,2,1,2,1,2,32
282,0,3,1,1,0,0,0,1,0.49,91,1,1,24,2,2,1,2,1,2,32
282,1,3,2,0,1,0,0,1,0.36,48,1,1,24,2,2,1,2,1,2,32
282,0,3,3,0,0,0,0,0,0,0,1,1,24,2,2,1,2,1,2,32
283,1,4,1,1,0,0,0,1,1.68,26,1,1,24,2,2,1,2,1,2,32
283,0,4,2,0,1,0,1,0,0.36,57,1,1,24,2,2,1,2,1,2,32
283,0,4,3,0,0,0,0,0,0,0,1,1,24,2,2,1,2,1,2,32
284,0,5,1,1,0,1,1,0,3.09,26,1,1,24,2,2,1,2,1,2,32
284,1,5,2,0,1,0,1,0,1.06,20,1,1,24,2,2,1,2,1,2,32
284,0,5,3,0,0,0,0,0,0,0,1,1,24,2,2,1,2,1,2,32
285,0,6,1,1,0,0,0,1,1.68,91,1,1,24,2,2,1,2,1,2,32
285,1,6,2,0,1,1,0,0,1.06,20,1,1,24,2,2,1,2,1,2,32
285,0,6,3,0,0,0,0,0,0,0,1,1,24,2,2,1,2,1,2,32
286,0,7,1,1,0,1,0,0,1.68,167,1,1,24,2,2,1,2,1,2,32
286,1,7,2,0,1,1,0,0,0.89,57,1,1,24,2,2,1,2,1,2,32
286,0,7,3,0,0,0,0,0,0,0,1,1,24,2,2,1,2,1,2,32
287,1,8,1,1,0,0,1,0,0.49,26,1,1,24,2,2,1,2,1,2,32
287,0,8,2,0,1,0,0,1,0.89,57,1,1,24,2,2,1,2,1,2,32
287,0,8,3,0,0,0,0,0,0,0,1,1,24,2,2,1,2,1,2,32
288,0,9,1,1,0,0,1,0,0.49,167,1,1,24,2,2,1,2,1,2,32
288,1,9,2,0,1,1,0,0,1.06,48,1,1,24,2,2,1,2,1,2,32
288,0,9,3,0,0,0,0,0,0,0,1,1,24,2,2,1,2,1,2,32
289,0,1,1,1,0,0,1,0,1.68,91,1,1,24,5,1,2,1,2,2,33
289,1,1,2,0,1,0,1,0,0.89,48,1,1,24,5,1,2,1,2,2,33
289,0,1,3,0,0,0,0,0,0,0,1,1,24,5,1,2,1,2,2,33
290,0,2,1,1,0,1,0,0,1.68,26,1,1,24,5,1,2,1,2,2,33
290,1,2,2,0,1,0,0,1,1.06,48,1,1,24,5,1,2,1,2,2,33
290,0,2,3,0,0,0,0,0,0,0,1,1,24,5,1,2,1,2,2,33
291,1,3,1,1,0,0,1,0,1.68,167,1,1,24,5,1,2,1,2,2,33
291,0,3,2,0,1,0,0,1,0.36,20,1,1,24,5,1,2,1,2,2,33
291,0,3,3,0,0,0,0,0,0,0,1,1,24,5,1,2,1,2,2,33
292,0,4,1,1,0,0,0,1,3.09,26,1,1,24,5,1,2,1,2,2,33
292,1,4,2,0,1,1,0,0,0.89,48,1,1,24,5,1,2,1,2,2,33
292,0,4,3,0,0,0,0,0,0,0,1,1,24,5,1,2,1,2,2,33
293,0,5,1,1,0,1,0,0,0.49,91,1,1,24,5,1,2,1,2,2,33
293,1,5,2,0,1,0,1,0,1.06,57,1,1,24,5,1,2,1,2,2,33
293,0,5,3,0,0,0,0,0,0,0,1,1,24,5,1,2,1,2,2,33
294,0,6,1,1,0,0,0,1,0.49,167,1,1,24,5,1,2,1,2,2,33
294,1,6,2,0,1,0,1,0,0.89,20,1,1,24,5,1,2,1,2,2,33
294,0,6,3,0,0,0,0,0,0,0,1,1,24,5,1,2,1,2,2,33
295,0,7,1,1,0,0,0,1,3.09,167,1,1,24,5,1,2,1,2,2,33
295,1,7,2,0,1,0,0,1,1.06,57,1,1,24,5,1,2,1,2,2,33
295,0,7,3,0,0,0,0,0,0,0,1,1,24,5,1,2,1,2,2,33
296,1,8,1,1,0,1,0,0,0.49,26,1,1,24,5,1,2,1,2,2,33
296,0,8,2,0,1,1,0,0,0.36,20,1,1,24,5,1,2,1,2,2,33
296,0,8,3,0,0,0,0,0,0,0,1,1,24,5,1,2,1,2,2,33
297,1,9,1,1,0,0,1,0,3.09,91,1,1,24,5,1,2,1,2,2,33
297,0,9,2,0,1,1,0,0,0.36,57,1,1,24,5,1,2,1,2,2,33
297,0,9,3,0,0,0,0,0,0,0,1,1,24,5,1,2,1,2,2,33
298,0,1,1,1,0,1,0,0,3.09,91,0,2,28,6,1,2,1,3,4,34
298,1,1,2,0,1,0,0,1,0.89,20,0,2,28,6,1,2,1,3,4,34
298,0,1,3,0,0,0,0,0,0,0,0,2,28,6,1,2,1,3,4,34
299,1,2,1,1,0,1,0,0,3.09,26,0,2,28,6,1,2,1,3,4,34
299,0,2,2,0,1,0,1,0,0.36,48,0,2,28,6,1,2,1,3,4,34
299,0,2,3,0,0,0,0,0,0,0,0,2,28,6,1,2,1,3,4,34
300,0,3,1,1,0,0,0,1,0.49,91,0,2,28,6,1,2,1,3,4,34
300,1,3,2,0,1,0,0,1,0.36,48,0,2,28,6,1,2,1,3,4,34
300,0,3,3,0,0,0,0,0,0,0,0,2,28,6,1,2,1,3,4,34
301,0,4,1,1,0,0,0,1,1.68,26,0,2,28,6,1,2,1,3,4,34
301,1,4,2,0,1,0,1,0,0.36,57,0,2,28,6,1,2,1,3,4,34
301,0,4,3,0,0,0,0,0,0,0,0,2,28,6,1,2,1,3,4,34
302,1,5,1,1,0,1,1,0,3.09,26,0,2,28,6,1,2,1,3,4,34
302,0,5,2,0,1,0,1,0,1.06,20,0,2,28,6,1,2,1,3,4,34
302,0,5,3,0,0,0,0,0,0,0,0,2,28,6,1,2,1,3,4,34
303,1,6,1,1,0,0,0,1,1.68,91,0,2,28,6,1,2,1,3,4,34
303,0,6,2,0,1,1,0,0,1.06,20,0,2,28,6,1,2,1,3,4,34
303,0,6,3,0,0,0,0,0,0,0,0,2,28,6,1,2,1,3,4,34
304,1,7,1,1,0,1,0,0,1.68,167,0,2,28,6,1,2,1,3,4,34
304,0,7,2,0,1,1,0,0,0.89,57,0,2,28,6,1,2,1,3,4,34
304,0,7,3,0,0,0,0,0,0,0,0,2,28,6,1,2,1,3,4,34
305,0,8,1,1,0,0,1,0,0.49,26,0,2,28,6,1,2,1,3,4,34
305,1,8,2,0,1,0,0,1,0.89,57,0,2,28,6,1,2,1,3,4,34
305,0,8,3,0,0,0,0,0,0,0,0,2,28,6,1,2,1,3,4,34
306,1,9,1,1,0,0,1,0,0.49,167,0,2,28,6,1,2,1,3,4,34
306,0,9,2,0,1,1,0,0,1.06,48,0,2,28,6,1,2,1,3,4,34
306,0,9,3,0,0,0,0,0,0,0,0,2,28,6,1,2,1,3,4,34
307,0,1,1,1,0,0,1,0,1.68,91,1,2,34,5,1,6,1,6,4,35
307,0,1,2,0,1,0,1,0,0.89,48,1,2,34,5,1,6,1,6,4,35
307,1,1,3,0,0,0,0,0,0,0,1,2,34,5,1,6,1,6,4,35
308,1,2,1,1,0,1,0,0,1.68,26,1,2,34,5,1,6,1,6,4,35
308,0,2,2,0,1,0,0,1,1.06,48,1,2,34,5,1,6,1,6,4,35
308,0,2,3,0,0,0,0,0,0,0,1,2,34,5,1,6,1,6,4,35
309,0,3,1,1,0,0,1,0,1.68,167,1,2,34,5,1,6,1,6,4,35
309,1,3,2,0,1,0,0,1,0.36,20,1,2,34,5,1,6,1,6,4,35
309,0,3,3,0,0,0,0,0,0,0,1,2,34,5,1,6,1,6,4,35
310,1,4,1,1,0,0,0,1,3.09,26,1,2,34,5,1,6,1,6,4,35
310,0,4,2,0,1,1,0,0,0.89,48,1,2,34,5,1,6,1,6,4,35
310,0,4,3,0,0,0,0,0,0,0,1,2,34,5,1,6,1,6,4,35
311,0,5,1,1,0,1,0,0,0.49,91,1,2,34,5,1,6,1,6,4,35
311,0,5,2,0,1,0,1,0,1.06,57,1,2,34,5,1,6,1,6,4,35
311,1,5,3,0,0,0,0,0,0,0,1,2,34,5,1,6,1,6,4,35
312,0,6,1,1,0,0,0,1,0.49,167,1,2,34,5,1,6,1,6,4,35
312,1,6,2,0,1,0,1,0,0.89,20,1,2,34,5,1,6,1,6,4,35
312,0,6,3,0,0,0,0,0,0,0,1,2,34,5,1,6,1,6,4,35
313,0,7,1,1,0,0,0,1,3.09,167,1,2,34,5,1,6,1,6,4,35
313,0,7,2,0,1,0,0,1,1.06,57,1,2,34,5,1,6,1,6,4,35
313,1,7,3,0,0,0,0,0,0,0,1,2,34,5,1,6,1,6,4,35
314,0,8,1,1,0,1,0,0,0.49,26,1,2,34,5,1,6,1,6,4,35
314,1,8,2,0,1,1,0,0,0.36,20,1,2,34,5,1,6,1,6,4,35
314,0,8,3,0,0,0,0,0,0,0,1,2,34,5,1,6,1,6,4,35
315,0,9,1,1,0,0,1,0,3.09,91,1,2,34,5,1,6,1,6,4,35
315,0,9,2,0,1,1,0,0,0.36,57,1,2,34,5,1,6,1,6,4,35
315,1,9,3,0,0,0,0,0,0,0,1,2,34,5,1,6,1,6,4,35
316,0,1,1,1,0,1,0,0,3.09,91,0,1,21,3,2,1,2,1,2,36
316,1,1,2,0,1,0,0,1,0.89,20,0,1,21,3,2,1,2,1,2,36
316,0,1,3,0,0,0,0,0,0,0,0,1,21,3,2,1,2,1,2,36
317,0,2,1,1,0,1,0,0,3.09,26,0,1,21,3,2,1,2,1,2,36
317,0,2,2,0,1,0,1,0,0.36,48,0,1,21,3,2,1,2,1,2,36
317,1,2,3,0,0,0,0,0,0,0,0,1,21,3,2,1,2,1,2,36
318,1,3,1,1,0,0,0,1,0.49,91,0,1,21,3,2,1,2,1,2,36
318,0,3,2,0,1,0,0,1,0.36,48,0,1,21,3,2,1,2,1,2,36
318,0,3,3,0,0,0,0,0,0,0,0,1,21,3,2,1,2,1,2,36
319,1,4,1,1,0,0,0,1,1.68,26,0,1,21,3,2,1,2,1,2,36
319,0,4,2,0,1,0,1,0,0.36,57,0,1,21,3,2,1,2,1,2,36
319,0,4,3,0,0,0,0,0,0,0,0,1,21,3,2,1,2,1,2,36
320,0,5,1,1,0,1,1,0,3.09,26,0,1,21,3,2,1,2,1,2,36
320,0,5,2,0,1,0,1,0,1.06,20,0,1,21,3,2,1,2,1,2,36
320,1,5,3,0,0,0,0,0,0,0,0,1,21,3,2,1,2,1,2,36
321,1,6,1,1,0,0,0,1,1.68,91,0,1,21,3,2,1,2,1,2,36
321,0,6,2,0,1,1,0,0,1.06,20,0,1,21,3,2,1,2,1,2,36
321,0,6,3,0,0,0,0,0,0,0,0,1,21,3,2,1,2,1,2,36
322,0,7,1,1,0,1,0,0,1.68,167,0,1,21,3,2,1,2,1,2,36
322,0,7,2,0,1,1,0,0,0.89,57,0,1,21,3,2,1,2,1,2,36
322,1,7,3,0,0,0,0,0,0,0,0,1,21,3,2,1,2,1,2,36
323,0,8,1,1,0,0,1,0,0.49,26,0,1,21,3,2,1,2,1,2,36
323,1,8,2,0,1,0,0,1,0.89,57,0,1,21,3,2,1,2,1,2,36
323,0,8,3,0,0,0,0,0,0,0,0,1,21,3,2,1,2,1,2,36
324,0,9,1,1,0,0,1,0,0.49,167,0,1,21,3,2,1,2,1,2,36
324,1,9,2,0,1,1,0,0,1.06,48,0,1,21,3,2,1,2,1,2,36
324,0,9,3,0,0,0,0,0,0,0,0,1,21,3,2,1,2,1,2,36
325,0,1,1,1,0,1,0,0,3.09,91,1,1,19,3,2,1,2,1,1,37
325,0,1,2,0,1,0,0,1,0.89,20,1,1,19,3,2,1,2,1,1,37
325,1,1,3,0,0,0,0,0,0,0,1,1,19,3,2,1,2,1,1,37
326,0,2,1,1,0,1,0,0,3.09,26,1,1,19,3,2,1,2,1,1,37
326,0,2,2,0,1,0,1,0,0.36,48,1,1,19,3,2,1,2,1,1,37
326,1,2,3,0,0,0,0,0,0,0,1,1,19,3,2,1,2,1,1,37
327,0,3,1,1,0,0,0,1,0.49,91,1,1,19,3,2,1,2,1,1,37
327,0,3,2,0,1,0,0,1,0.36,48,1,1,19,3,2,1,2,1,1,37
327,1,3,3,0,0,0,0,0,0,0,1,1,19,3,2,1,2,1,1,37
328,0,4,1,1,0,0,0,1,1.68,26,1,1,19,3,2,1,2,1,1,37
328,0,4,2,0,1,0,1,0,0.36,57,1,1,19,3,2,1,2,1,1,37
328,1,4,3,0,0,0,0,0,0,0,1,1,19,3,2,1,2,1,1,37
329,0,5,1,1,0,1,1,0,3.09,26,1,1,19,3,2,1,2,1,1,37
329,1,5,2,0,1,0,1,0,1.06,20,1,1,19,3,2,1,2,1,1,37
329,0,5,3,0,0,0,0,0,0,0,1,1,19,3,2,1,2,1,1,37
330,0,6,1,1,0,0,0,1,1.68,91,1,1,19,3,2,1,2,1,1,37
330,1,6,2,0,1,1,0,0,1.06,20,1,1,19,3,2,1,2,1,1,37
330,0,6,3,0,0,0,0,0,0,0,1,1,19,3,2,1,2,1,1,37
331,0,7,1,1,0,1,0,0,1.68,167,1,1,19,3,2,1,2,1,1,37
331,0,7,2,0,1,1,0,0,0.89,57,1,1,19,3,2,1,2,1,1,37
331,1,7,3,0,0,0,0,0,0,0,1,1,19,3,2,1,2,1,1,37
332,0,8,1,1,0,0,1,0,0.49,26,1,1,19,3,2,1,2,1,1,37
332,0,8,2,0,1,0,0,1,0.89,57,1,1,19,3,2,1,2,1,1,37
332,1,8,3,0,0,0,0,0,0,0,1,1,19,3,2,1,2,1,1,37
333,0,9,1,1,0,0,1,0,0.49,167,1,1,19,3,2,1,2,1,1,37
333,0,9,2,0,1,1,0,0,1.06,48,1,1,19,3,2,1,2,1,1,37
333,1,9,3,0,0,0,0,0,0,0,1,1,19,3,2,1,2,1,1,37
334,1,1,1,1,0,0,1,0,1.68,91,1,1,19,3,2,6,2,1,1,38
334,0,1,2,0,1,0,1,0,0.89,48,1,1,19,3,2,6,2,1,1,38
334,0,1,3,0,0,0,0,0,0,0,1,1,19,3,2,6,2,1,1,38
335,0,2,1,1,0,1,0,0,1.68,26,1,1,19,3,2,6,2,1,1,38
335,1,2,2,0,1,0,0,1,1.06,48,1,1,19,3,2,6,2,1,1,38
335,0,2,3,0,0,0,0,0,0,0,1,1,19,3,2,6,2,1,1,38
336,0,3,1,1,0,0,1,0,1.68,167,1,1,19,3,2,6,2,1,1,38
336,1,3,2,0,1,0,0,1,0.36,20,1,1,19,3,2,6,2,1,1,38
336,0,3,3,0,0,0,0,0,0,0,1,1,19,3,2,6,2,1,1,38
337,1,4,1,1,0,0,0,1,3.09,26,1,1,19,3,2,6,2,1,1,38
337,0,4,2,0,1,1,0,0,0.89,48,1,1,19,3,2,6,2,1,1,38
337,0,4,3,0,0,0,0,0,0,0,1,1,19,3,2,6,2,1,1,38
338,0,5,1,1,0,1,0,0,0.49,91,1,1,19,3,2,6,2,1,1,38
338,1,5,2,0,1,0,1,0,1.06,57,1,1,19,3,2,6,2,1,1,38
338,0,5,3,0,0,0,0,0,0,0,1,1,19,3,2,6,2,1,1,38
339,1,6,1,1,0,0,0,1,0.49,167,1,1,19,3,2,6,2,1,1,38
339,0,6,2,0,1,0,1,0,0.89,20,1,1,19,3,2,6,2,1,1,38
339,0,6,3,0,0,0,0,0,0,0,1,1,19,3,2,6,2,1,1,38
340,1,7,1,1,0,0,0,1,3.09,167,1,1,19,3,2,6,2,1,1,38
340,0,7,2,0,1,0,0,1,1.06,57,1,1,19,3,2,6,2,1,1,38
340,0,7,3,0,0,0,0,0,0,0,1,1,19,3,2,6,2,1,1,38
341,1,8,1,1,0,1,0,0,0.49,26,1,1,19,3,2,6,2,1,1,38
341,0,8,2,0,1,1,0,0,0.36,20,1,1,19,3,2,6,2,1,1,38
341,0,8,3,0,0,0,0,0,0,0,1,1,19,3,2,6,2,1,1,38
342,0,9,1,1,0,0,1,0,3.09,91,1,1,19,3,2,6,2,1,1,38
342,1,9,2,0,1,1,0,0,0.36,57,1,1,19,3,2,6,2,1,1,38
342,0,9,3,0,0,0,0,0,0,0,1,1,19,3,2,6,2,1,1,38
343,0,1,1,1,0,1,0,0,3.09,91,1,1,19,3,2,1,2,1,1,39
343,1,1,2,0,1,0,0,1,0.89,20,1,1,19,3,2,1,2,1,1,39
343,0,1,3,0,0,0,0,0,0,0,1,1,19,3,2,1,2,1,1,39
344,1,2,1,1,0,1,0,0,3.09,26,1,1,19,3,2,1,2,1,1,39
344,0,2,2,0,1,0,1,0,0.36,48,1,1,19,3,2,1,2,1,1,39
344,0,2,3,0,0,0,0,0,0,0,1,1,19,3,2,1,2,1,1,39
345,0,3,1,1,0,0,0,1,0.49,91,1,1,19,3,2,1,2,1,1,39
345,1,3,2,0,1,0,0,1,0.36,48,1,1,19,3,2,1,2,1,1,39
345,0,3,3,0,0,0,0,0,0,0,1,1,19,3,2,1,2,1,1,39
346,0,4,1,1,0,0,0,1,1.68,26,1,1,19,3,2,1,2,1,1,39
346,1,4,2,0,1,0,1,0,0.36,57,1,1,19,3,2,1,2,1,1,39
346,0,4,3,0,0,0,0,0,0,0,1,1,19,3,2,1,2,1,1,39
347,0,5,1,1,0,1,1,0,3.09,26,1,1,19,3,2,1,2,1,1,39
347,1,5,2,0,1,0,1,0,1.06,20,1,1,19,3,2,1,2,1,1,39
347,0,5,3,0,0,0,0,0,0,0,1,1,19,3,2,1,2,1,1,39
348,1,6,1,1,0,0,0,1,1.68,91,1,1,19,3,2,1,2,1,1,39
348,0,6,2,0,1,1,0,0,1.06,20,1,1,19,3,2,1,2,1,1,39
348,0,6,3,0,0,0,0,0,0,0,1,1,19,3,2,1,2,1,1,39
349,1,7,1,1,0,1,0,0,1.68,167,1,1,19,3,2,1,2,1,1,39
349,0,7,2,0,1,1,0,0,0.89,57,1,1,19,3,2,1,2,1,1,39
349,0,7,3,0,0,0,0,0,0,0,1,1,19,3,2,1,2,1,1,39
350,0,8,1,1,0,0,1,0,0.49,26,1,1,19,3,2,1,2,1,1,39
350,1,8,2,0,1,0,0,1,0.89,57,1,1,19,3,2,1,2,1,1,39
350,0,8,3,0,0,0,0,0,0,0,1,1,19,3,2,1,2,1,1,39
351,0,9,1,1,0,0,1,0,0.49,167,1,1,19,3,2,1,2,1,1,39
351,1,9,2,0,1,1,0,0,1.06,48,1,1,19,3,2,1,2,1,1,39
351,0,9,3,0,0,0,0,0,0,0,1,1,19,3,2,1,2,1,1,39
352,0,1,1,1,0,1,0,0,3.09,91,0,1,21,4,2,6,2,1,1,40
352,1,1,2,0,1,0,0,1,0.89,20,0,1,21,4,2,6,2,1,1,40
352,0,1,3,0,0,0,0,0,0,0,0,1,21,4,2,6,2,1,1,40
353,0,2,1,1,0,1,0,0,3.09,26,0,1,21,4,2,6,2,1,1,40
353,1,2,2,0,1,0,1,0,0.36,48,0,1,21,4,2,6,2,1,1,40
353,0,2,3,0,0,0,0,0,0,0,0,1,21,4,2,6,2,1,1,40
354,1,3,1,1,0,0,0,1,0.49,91,0,1,21,4,2,6,2,1,1,40
354,0,3,2,0,1,0,0,1,0.36,48,0,1,21,4,2,6,2,1,1,40
354,0,3,3,0,0,0,0,0,0,0,0,1,21,4,2,6,2,1,1,40
355,1,4,1,1,0,0,0,1,1.68,26,0,1,21,4,2,6,2,1,1,40
355,0,4,2,0,1,0,1,0,0.36,57,0,1,21,4,2,6,2,1,1,40
355,0,4,3,0,0,0,0,0,0,0,0,1,21,4,2,6,2,1,1,40
356,1,5,1,1,0,1,1,0,3.09,26,0,1,21,4,2,6,2,1,1,40
356,0,5,2,0,1,0,1,0,1.06,20,0,1,21,4,2,6,2,1,1,40
356,0,5,3,0,0,0,0,0,0,0,0,1,21,4,2,6,2,1,1,40
357,1,6,1,1,0,0,0,1,1.68,91,0,1,21,4,2,6,2,1,1,40
357,0,6,2,0,1,1,0,0,1.06,20,0,1,21,4,2,6,2,1,1,40
357,0,6,3,0,0,0,0,0,0,0,0,1,21,4,2,6,2,1,1,40
358,0,7,1,1,0,1,0,0,1.68,167,0,1,21,4,2,6,2,1,1,40
358,1,7,2,0,1,1,0,0,0.89,57,0,1,21,4,2,6,2,1,1,40
358,0,7,3,0,0,0,0,0,0,0,0,1,21,4,2,6,2,1,1,40
359,0,8,1,1,0,0,1,0,0.49,26,0,1,21,4,2,6,2,1,1,40
359,1,8,2,0,1,0,0,1,0.89,57,0,1,21,4,2,6,2,1,1,40
359,0,8,3,0,0,0,0,0,0,0,0,1,21,4,2,6,2,1,1,40
360,0,9,1,1,0,0,1,0,0.49,167,0,1,21,4,2,6,2,1,1,40
360,1,9,2,0,1,1,0,0,1.06,48,0,1,21,4,2,6,2,1,1,40
360,0,9,3,0,0,0,0,0,0,0,0,1,21,4,2,6,2,1,1,40
361,0,1,1,1,0,0,1,0,1.68,91,0,1,19,3,2,6,2,7,11,41
361,0,1,2,0,1,0,1,0,0.89,48,0,1,19,3,2,6,2,7,11,41
361,1,1,3,0,0,0,0,0,0,0,0,1,19,3,2,6,2,7,11,41
362,0,2,1,1,0,1,0,0,1.68,26,0,1,19,3,2,6,2,7,11,41
362,1,2,2,0,1,0,0,1,1.06,48,0,1,19,3,2,6,2,7,11,41
362,0,2,3,0,0,0,0,0,0,0,0,1,19,3,2,6,2,7,11,41
363,0,3,1,1,0,0,1,0,1.68,167,0,1,19,3,2,6,2,7,11,41
363,1,3,2,0,1,0,0,1,0.36,20,0,1,19,3,2,6,2,7,11,41
363,0,3,3,0,0,0,0,0,0,0,0,1,19,3,2,6,2,7,11,41
364,1,4,1,1,0,0,0,1,3.09,26,0,1,19,3,2,6,2,7,11,41
364,0,4,2,0,1,1,0,0,0.89,48,0,1,19,3,2,6,2,7,11,41
364,0,4,3,0,0,0,0,0,0,0,0,1,19,3,2,6,2,7,11,41
365,0,5,1,1,0,1,0,0,0.49,91,0,1,19,3,2,6,2,7,11,41
365,0,5,2,0,1,0,1,0,1.06,57,0,1,19,3,2,6,2,7,11,41
365,1,5,3,0,0,0,0,0,0,0,0,1,19,3,2,6,2,7,11,41
366,1,6,1,1,0,0,0,1,0.49,167,0,1,19,3,2,6,2,7,11,41
366,0,6,2,0,1,0,1,0,0.89,20,0,1,19,3,2,6,2,7,11,41
366,0,6,3,0,0,0,0,0,0,0,0,1,19,3,2,6,2,7,11,41
367,1,7,1,1,0,0,0,1,3.09,167,0,1,19,3,2,6,2,7,11,41
367,0,7,2,0,1,0,0,1,1.06,57,0,1,19,3,2,6,2,7,11,41
367,0,7,3,0,0,0,0,0,0,0,0,1,19,3,2,6,2,7,11,41
368,0,8,1,1,0,1,0,0,0.49,26,0,1,19,3,2,6,2,7,11,41
368,0,8,2,0,1,1,0,0,0.36,20,0,1,19,3,2,6,2,7,11,41
368,1,8,3,0,0,0,0,0,0,0,0,1,19,3,2,6,2,7,11,41
369,0,9,1,1,0,0,1,0,3.09,91,0,1,19,3,2,6,2,7,11,41
369,0,9,2,0,1,1,0,0,0.36,57,0,1,19,3,2,6,2,7,11,41
369,1,9,3,0,0,0,0,0,0,0,0,1,19,3,2,6,2,7,11,41
370,1,1,1,1,0,0,1,0,1.68,91,1,4,45,5,1,1,1,7,11,42
370,0,1,2,0,1,0,1,0,0.89,48,1,4,45,5,1,1,1,7,11,42
370,0,1,3,0,0,0,0,0,0,0,1,4,45,5,1,1,1,7,11,42
371,1,2,1,1,0,1,0,0,1.68,26,1,4,45,5,1,1,1,7,11,42
371,0,2,2,0,1,0,0,1,1.06,48,1,4,45,5,1,1,1,7,11,42
371,0,2,3,0,0,0,0,0,0,0,1,4,45,5,1,1,1,7,11,42
372,0,3,1,1,0,0,1,0,1.68,167,1,4,45,5,1,1,1,7,11,42
372,1,3,2,0,1,0,0,1,0.36,20,1,4,45,5,1,1,1,7,11,42
372,0,3,3,0,0,0,0,0,0,0,1,4,45,5,1,1,1,7,11,42
373,0,4,1,1,0,0,0,1,3.09,26,1,4,45,5,1,1,1,7,11,42
373,1,4,2,0,1,1,0,0,0.89,48,1,4,45,5,1,1,1,7,11,42
373,0,4,3,0,0,0,0,0,0,0,1,4,45,5,1,1,1,7,11,42
374,1,6,1,1,0,0,0,1,0.49,167,1,4,45,5,1,1,1,7,11,42
374,0,6,2,0,1,0,1,0,0.89,20,1,4,45,5,1,1,1,7,11,42
374,0,6,3,0,0,0,0,0,0,0,1,4,45,5,1,1,1,7,11,42
375,1,7,1,1,0,0,0,1,3.09,167,1,4,45,5,1,1,1,7,11,42
375,0,7,2,0,1,0,0,1,1.06,57,1,4,45,5,1,1,1,7,11,42
375,0,7,3,0,0,0,0,0,0,0,1,4,45,5,1,1,1,7,11,42
376,0,8,1,1,0,1,0,0,0.49,26,1,4,45,5,1,1,1,7,11,42
376,1,8,2,0,1,1,0,0,0.36,20,1,4,45,5,1,1,1,7,11,42
376,0,8,3,0,0,0,0,0,0,0,1,4,45,5,1,1,1,7,11,42
377,1,9,1,1,0,0,1,0,3.09,91,1,4,45,5,1,1,1,7,11,42
377,0,9,2,0,1,1,0,0,0.36,57,1,4,45,5,1,1,1,7,11,42
377,0,9,3,0,0,0,0,0,0,0,1,4,45,5,1,1,1,7,11,42
378,0,1,1,1,0,1,0,0,3.09,91,1,3,42,6,1,2,1,5,11,43
378,1,1,2,0,1,0,0,1,0.89,20,1,3,42,6,1,2,1,5,11,43
378,0,1,3,0,0,0,0,0,0,0,1,3,42,6,1,2,1,5,11,43
379,1,2,1,1,0,1,0,0,3.09,26,1,3,42,6,1,2,1,5,11,43
379,0,2,2,0,1,0,1,0,0.36,48,1,3,42,6,1,2,1,5,11,43
379,0,2,3,0,0,0,0,0,0,0,1,3,42,6,1,2,1,5,11,43
380,0,3,1,1,0,0,0,1,0.49,91,1,3,42,6,1,2,1,5,11,43
380,0,3,2,0,1,0,0,1,0.36,48,1,3,42,6,1,2,1,5,11,43
380,1,3,3,0,0,0,0,0,0,0,1,3,42,6,1,2,1,5,11,43
381,0,4,1,1,0,0,0,1,1.68,26,1,3,42,6,1,2,1,5,11,43
381,0,4,2,0,1,0,1,0,0.36,57,1,3,42,6,1,2,1,5,11,43
381,1,4,3,0,0,0,0,0,0,0,1,3,42,6,1,2,1,5,11,43
382,0,5,1,1,0,1,1,0,3.09,26,1,3,42,6,1,2,1,5,11,43
382,0,5,2,0,1,0,1,0,1.06,20,1,3,42,6,1,2,1,5,11,43
382,1,5,3,0,0,0,0,0,0,0,1,3,42,6,1,2,1,5,11,43
383,0,6,1,1,0,0,0,1,1.68,91,1,3,42,6,1,2,1,5,11,43
383,1,6,2,0,1,1,0,0,1.06,20,1,3,42,6,1,2,1,5,11,43
383,0,6,3,0,0,0,0,0,0,0,1,3,42,6,1,2,1,5,11,43
384,0,7,1,1,0,1,0,0,1.68,167,1,3,42,6,1,2,1,5,11,43
384,1,7,2,0,1,1,0,0,0.89,57,1,3,42,6,1,2,1,5,11,43
384,0,7,3,0,0,0,0,0,0,0,1,3,42,6,1,2,1,5,11,43
385,0,8,1,1,0,0,1,0,0.49,26,1,3,42,6,1,2,1,5,11,43
385,0,8,2,0,1,0,0,1,0.89,57,1,3,42,6,1,2,1,5,11,43
385,1,8,3,0,0,0,0,0,0,0,1,3,42,6,1,2,1,5,11,43
386,0,9,1,1,0,0,1,0,0.49,167,1,3,42,6,1,2,1,5,11,43
386,1,9,2,0,1,1,0,0,1.06,48,1,3,42,6,1,2,1,5,11,43
386,0,9,3,0,0,0,0,0,0,0,1,3,42,6,1,2,1,5,11,43
387,1,1,1,1,0,1,0,0,3.09,91,1,1,22,4,3,1,1,2,2,44
387,0,1,2,0,1,0,0,1,0.89,20,1,1,22,4,3,1,1,2,2,44
387,0,1,3,0,0,0,0,0,0,0,1,1,22,4,3,1,1,2,2,44
388,1,2,1,1,0,1,0,0,3.09,26,1,1,22,4,3,1,1,2,2,44
388,0,2,2,0,1,0,1,0,0.36,48,1,1,22,4,3,1,1,2,2,44
388,0,2,3,0,0,0,0,0,0,0,1,1,22,4,3,1,1,2,2,44
389,1,3,1,1,0,0,0,1,0.49,91,1,1,22,4,3,1,1,2,2,44
389,0,3,2,0,1,0,0,1,0.36,48,1,1,22,4,3,1,1,2,2,44
389,0,3,3,0,0,0,0,0,0,0,1,1,22,4,3,1,1,2,2,44
390,1,4,1,1,0,0,0,1,1.68,26,1,1,22,4,3,1,1,2,2,44
390,0,4,2,0,1,0,1,0,0.36,57,1,1,22,4,3,1,1,2,2,44
390,0,4,3,0,0,0,0,0,0,0,1,1,22,4,3,1,1,2,2,44
391,1,6,1,1,0,0,0,1,1.68,91,1,1,22,4,3,1,1,2,2,44
391,0,6,2,0,1,1,0,0,1.06,20,1,1,22,4,3,1,1,2,2,44
391,0,6,3,0,0,0,0,0,0,0,1,1,22,4,3,1,1,2,2,44
392,1,7,1,1,0,1,0,0,1.68,167,1,1,22,4,3,1,1,2,2,44
392,0,7,2,0,1,1,0,0,0.89,57,1,1,22,4,3,1,1,2,2,44
392,0,7,3,0,0,0,0,0,0,0,1,1,22,4,3,1,1,2,2,44
393,1,8,1,1,0,0,1,0,0.49,26,1,1,22,4,3,1,1,2,2,44
393,0,8,2,0,1,0,0,1,0.89,57,1,1,22,4,3,1,1,2,2,44
393,0,8,3,0,0,0,0,0,0,0,1,1,22,4,3,1,1,2,2,44
394,1,9,1,1,0,0,1,0,0.49,167,1,1,22,4,3,1,1,2,2,44
394,0,9,2,0,1,1,0,0,1.06,48,1,1,22,4,3,1,1,2,2,44
394,0,9,3,0,0,0,0,0,0,0,1,1,22,4,3,1,1,2,2,44
395,0,1,1,1,0,0,1,0,1.68,91,1,3,37,5,1,1,1,5,10,45
395,1,1,2,0,1,0,1,0,0.89,48,1,3,37,5,1,1,1,5,10,45
395,0,1,3,0,0,0,0,0,0,0,1,3,37,5,1,1,1,5,10,45
396,0,2,1,1,0,1,0,0,1.68,26,1,3,37,5,1,1,1,5,10,45
396,1,2,2,0,1,0,0,1,1.06,48,1,3,37,5,1,1,1,5,10,45
396,0,2,3,0,0,0,0,0,0,0,1,3,37,5,1,1,1,5,10,45
397,0,3,1,1,0,0,1,0,1.68,167,1,3,37,5,1,1,1,5,10,45
397,1,3,2,0,1,0,0,1,0.36,20,1,3,37,5,1,1,1,5,10,45
397,0,3,3,0,0,0,0,0,0,0,1,3,37,5,1,1,1,5,10,45
398,1,4,1,1,0,0,0,1,3.09,26,1,3,37,5,1,1,1,5,10,45
398,0,4,2,0,1,1,0,0,0.89,48,1,3,37,5,1,1,1,5,10,45
398,0,4,3,0,0,0,0,0,0,0,1,3,37,5,1,1,1,5,10,45
399,0,5,1,1,0,1,0,0,0.49,91,1,3,37,5,1,1,1,5,10,45
399,1,5,2,0,1,0,1,0,1.06,57,1,3,37,5,1,1,1,5,10,45
399,0,5,3,0,0,0,0,0,0,0,1,3,37,5,1,1,1,5,10,45
400,0,6,1,1,0,0,0,1,0.49,167,1,3,37,5,1,1,1,5,10,45
400,1,6,2,0,1,0,1,0,0.89,20,1,3,37,5,1,1,1,5,10,45
400,0,6,3,0,0,0,0,0,0,0,1,3,37,5,1,1,1,5,10,45
401,0,7,1,1,0,0,0,1,3.09,167,1,3,37,5,1,1,1,5,10,45
401,1,7,2,0,1,0,0,1,1.06,57,1,3,37,5,1,1,1,5,10,45
401,0,7,3,0,0,0,0,0,0,0,1,3,37,5,1,1,1,5,10,45
402,0,8,1,1,0,1,0,0,0.49,26,1,3,37,5,1,1,1,5,10,45
402,1,8,2,0,1,1,0,0,0.36,20,1,3,37,5,1,1,1,5,10,45
402,0,8,3,0,0,0,0,0,0,0,1,3,37,5,1,1,1,5,10,45
403,0,9,1,1,0,0,1,0,3.09,91,1,3,37,5,1,1,1,5,10,45
403,1,9,2,0,1,1,0,0,0.36,57,1,3,37,5,1,1,1,5,10,45
403,0,9,3,0,0,0,0,0,0,0,1,3,37,5,1,1,1,5,10,45
404,1,1,1,1,0,1,0,0,3.09,91,1,2,33,4,1,6,1,5,10,46
404,0,1,2,0,1,0,0,1,0.89,20,1,2,33,4,1,6,1,5,10,46
404,0,1,3,0,0,0,0,0,0,0,1,2,33,4,1,6,1,5,10,46
405,0,3,1,1,0,0,0,1,0.49,91,1,2,33,4,1,6,1,5,10,46
405,1,3,2,0,1,0,0,1,0.36,48,1,2,33,4,1,6,1,5,10,46
405,0,3,3,0,0,0,0,0,0,0,1,2,33,4,1,6,1,5,10,46
406,1,4,1,1,0,0,0,1,1.68,26,1,2,33,4,1,6,1,5,10,46
406,0,4,2,0,1,0,1,0,0.36,57,1,2,33,4,1,6,1,5,10,46
406,0,4,3,0,0,0,0,0,0,0,1,2,33,4,1,6,1,5,10,46
407,1,5,1,1,0,1,1,0,3.09,26,1,2,33,4,1,6,1,5,10,46
407,0,5,2,0,1,0,1,0,1.06,20,1,2,33,4,1,6,1,5,10,46
407,0,5,3,0,0,0,0,0,0,0,1,2,33,4,1,6,1,5,10,46
408,0,6,1,1,0,0,0,1,1.68,91,1,2,33,4,1,6,1,5,10,46
408,1,6,2,0,1,1,0,0,1.06,20,1,2,33,4,1,6,1,5,10,46
408,0,6,3,0,0,0,0,0,0,0,1,2,33,4,1,6,1,5,10,46
409,0,7,1,1,0,1,0,0,1.68,167,1,2,33,4,1,6,1,5,10,46
409,1,7,2,0,1,1,0,0,0.89,57,1,2,33,4,1,6,1,5,10,46
409,0,7,3,0,0,0,0,0,0,0,1,2,33,4,1,6,1,5,10,46
410,0,8,1,1,0,0,1,0,0.49,26,1,2,33,4,1,6,1,5,10,46
410,1,8,2,0,1,0,0,1,0.89,57,1,2,33,4,1,6,1,5,10,46
410,0,8,3,0,0,0,0,0,0,0,1,2,33,4,1,6,1,5,10,46
411,0,9,1,1,0,0,1,0,0.49,167,1,2,33,4,1,6,1,5,10,46
411,1,9,2,0,1,1,0,0,1.06,48,1,2,33,4,1,6,1,5,10,46
411,0,9,3,0,0,0,0,0,0,0,1,2,33,4,1,6,1,5,10,46
412,1,1,1,1,0,0,1,0,1.68,91,0,1,23,5,2,1,1,2,2,47
412,0,1,2,0,1,0,1,0,0.89,48,0,1,23,5,2,1,1,2,2,47
412,0,1,3,0,0,0,0,0,0,0,0,1,23,5,2,1,1,2,2,47
413,0,2,1,1,0,1,0,0,1.68,26,0,1,23,5,2,1,1,2,2,47
413,1,2,2,0,1,0,0,1,1.06,48,0,1,23,5,2,1,1,2,2,47
413,0,2,3,0,0,0,0,0,0,0,0,1,23,5,2,1,1,2,2,47
414,0,3,1,1,0,0,1,0,1.68,167,0,1,23,5,2,1,1,2,2,47
414,1,3,2,0,1,0,0,1,0.36,20,0,1,23,5,2,1,1,2,2,47
414,0,3,3,0,0,0,0,0,0,0,0,1,23,5,2,1,1,2,2,47
415,1,4,1,1,0,0,0,1,3.09,26,0,1,23,5,2,1,1,2,2,47
415,0,4,2,0,1,1,0,0,0.89,48,0,1,23,5,2,1,1,2,2,47
415,0,4,3,0,0,0,0,0,0,0,0,1,23,5,2,1,1,2,2,47
416,1,5,1,1,0,1,0,0,0.49,91,0,1,23,5,2,1,1,2,2,47
416,0,5,2,0,1,0,1,0,1.06,57,0,1,23,5,2,1,1,2,2,47
416,0,5,3,0,0,0,0,0,0,0,0,1,23,5,2,1,1,2,2,47
417,1,6,1,1,0,0,0,1,0.49,167,0,1,23,5,2,1,1,2,2,47
417,0,6,2,0,1,0,1,0,0.89,20,0,1,23,5,2,1,1,2,2,47
417,0,6,3,0,0,0,0,0,0,0,0,1,23,5,2,1,1,2,2,47
418,1,7,1,1,0,0,0,1,3.09,167,0,1,23,5,2,1,1,2,2,47
418,0,7,2,0,1,0,0,1,1.06,57,0,1,23,5,2,1,1,2,2,47
418,0,7,3,0,0,0,0,0,0,0,0,1,23,5,2,1,1,2,2,47
419,0,8,1,1,0,1,0,0,0.49,26,0,1,23,5,2,1,1,2,2,47
419,1,8,2,0,1,1,0,0,0.36,20,0,1,23,5,2,1,1,2,2,47
419,0,8,3,0,0,0,0,0,0,0,0,1,23,5,2,1,1,2,2,47
420,0,9,1,1,0,0,1,0,3.09,91,0,1,23,5,2,1,1,2,2,47
420,1,9,2,0,1,1,0,0,0.36,57,0,1,23,5,2,1,1,2,2,47
420,0,9,3,0,0,0,0,0,0,0,0,1,23,5,2,1,1,2,2,47
421,0,1,1,1,0,1,0,0,3.09,91,1,1,24,3,1,2,1,2,5,48
421,1,1,2,0,1,0,0,1,0.89,20,1,1,24,3,1,2,1,2,5,48
421,0,1,3,0,0,0,0,0,0,0,1,1,24,3,1,2,1,2,5,48
422,0,2,1,1,0,1,0,0,3.09,26,1,1,24,3,1,2,1,2,5,48
422,1,2,2,0,1,0,1,0,0.36,48,1,1,24,3,1,2,1,2,5,48
422,0,2,3,0,0,0,0,0,0,0,1,1,24,3,1,2,1,2,5,48
423,0,3,1,1,0,0,0,1,0.49,91,1,1,24,3,1,2,1,2,5,48
423,1,3,2,0,1,0,0,1,0.36,48,1,1,24,3,1,2,1,2,5,48
423,0,3,3,0,0,0,0,0,0,0,1,1,24,3,1,2,1,2,5,48
424,1,4,1,1,0,0,0,1,1.68,26,1,1,24,3,1,2,1,2,5,48
424,0,4,2,0,1,0,1,0,0.36,57,1,1,24,3,1,2,1,2,5,48
424,0,4,3,0,0,0,0,0,0,0,1,1,24,3,1,2,1,2,5,48
425,0,5,1,1,0,1,1,0,3.09,26,1,1,24,3,1,2,1,2,5,48
425,1,5,2,0,1,0,1,0,1.06,20,1,1,24,3,1,2,1,2,5,48
425,0,5,3,0,0,0,0,0,0,0,1,1,24,3,1,2,1,2,5,48
426,1,6,1,1,0,0,0,1,1.68,91,1,1,24,3,1,2,1,2,5,48
426,0,6,2,0,1,1,0,0,1.06,20,1,1,24,3,1,2,1,2,5,48
426,0,6,3,0,0,0,0,0,0,0,1,1,24,3,1,2,1,2,5,48
427,0,7,1,1,0,1,0,0,1.68,167,1,1,24,3,1,2,1,2,5,48
427,1,7,2,0,1,1,0,0,0.89,57,1,1,24,3,1,2,1,2,5,48
427,0,7,3,0,0,0,0,0,0,0,1,1,24,3,1,2,1,2,5,48
428,0,8,1,1,0,0,1,0,0.49,26,1,1,24,3,1,2,1,2,5,48
428,1,8,2,0,1,0,0,1,0.89,57,1,1,24,3,1,2,1,2,5,48
428,0,8,3,0,0,0,0,0,0,0,1,1,24,3,1,2,1,2,5,48
429,1,9,1,1,0,0,1,0,0.49,167,1,1,24,3,1,2,1,2,5,48
429,0,9,2,0,1,1,0,0,1.06,48,1,1,24,3,1,2,1,2,5,48
429,0,9,3,0,0,0,0,0,0,0,1,1,24,3,1,2,1,2,5,48
430,0,1,1,1,0,1,0,0,3.09,91,1,3,36,5,1,6,1,7,8,49
430,1,1,2,0,1,0,0,1,0.89,20,1,3,36,5,1,6,1,7,8,49
430,0,1,3,0,0,0,0,0,0,0,1,3,36,5,1,6,1,7,8,49
431,0,2,1,1,0,1,0,0,3.09,26,1,3,36,5,1,6,1,7,8,49
431,0,2,2,0,1,0,1,0,0.36,48,1,3,36,5,1,6,1,7,8,49
431,1,2,3,0,0,0,0,0,0,0,1,3,36,5,1,6,1,7,8,49
432,0,3,1,1,0,0,0,1,0.49,91,1,3,36,5,1,6,1,7,8,49
432,1,3,2,0,1,0,0,1,0.36,48,1,3,36,5,1,6,1,7,8,49
432,0,3,3,0,0,0,0,0,0,0,1,3,36,5,1,6,1,7,8,49
433,0,4,1,1,0,0,0,1,1.68,26,1,3,36,5,1,6,1,7,8,49
433,0,4,2,0,1,0,1,0,0.36,57,1,3,36,5,1,6,1,7,8,49
433,1,4,3,0,0,0,0,0,0,0,1,3,36,5,1,6,1,7,8,49
434,0,5,1,1,0,1,1,0,3.09,26,1,3,36,5,1,6,1,7,8,49
434,1,5,2,0,1,0,1,0,1.06,20,1,3,36,5,1,6,1,7,8,49
434,0,5,3,0,0,0,0,0,0,0,1,3,36,5,1,6,1,7,8,49
435,0,6,1,1,0,0,0,1,1.68,91,1,3,36,5,1,6,1,7,8,49
435,0,6,2,0,1,1,0,0,1.06,20,1,3,36,5,1,6,1,7,8,49
435,1,6,3,0,0,0,0,0,0,0,1,3,36,5,1,6,1,7,8,49
436,0,7,1,1,0,1,0,0,1.68,167,1,3,36,5,1,6,1,7,8,49
436,0,7,2,0,1,1,0,0,0.89,57,1,3,36,5,1,6,1,7,8,49
436,1,7,3,0,0,0,0,0,0,0,1,3,36,5,1,6,1,7,8,49
437,0,8,1,1,0,0,1,0,0.49,26,1,3,36,5,1,6,1,7,8,49
437,1,8,2,0,1,0,0,1,0.89,57,1,3,36,5,1,6,1,7,8,49
437,0,8,3,0,0,0,0,0,0,0,1,3,36,5,1,6,1,7,8,49
438,0,9,1,1,0,0,1,0,0.49,167,1,3,36,5,1,6,1,7,8,49
438,0,9,2,0,1,1,0,0,1.06,48,1,3,36,5,1,6,1,7,8,49
438,1,9,3,0,0,0,0,0,0,0,1,3,36,5,1,6,1,7,8,49
439,1,1,1,1,0,1,0,0,3.09,91,0,1,24,3,2,6,2,1,4,50
439,0,1,2,0,1,0,0,1,0.89,20,0,1,24,3,2,6,2,1,4,50
439,0,1,3,0,0,0,0,0,0,0,0,1,24,3,2,6,2,1,4,50
440,1,2,1,1,0,1,0,0,3.09,26,0,1,24,3,2,6,2,1,4,50
440,0,2,2,0,1,0,1,0,0.36,48,0,1,24,3,2,6,2,1,4,50
440,0,2,3,0,0,0,0,0,0,0,0,1,24,3,2,6,2,1,4,50
441,1,3,1,1,0,0,0,1,0.49,91,0,1,24,3,2,6,2,1,4,50
441,0,3,2,0,1,0,0,1,0.36,48,0,1,24,3,2,6,2,1,4,50
441,0,3,3,0,0,0,0,0,0,0,0,1,24,3,2,6,2,1,4,50
442,1,4,1,1,0,0,0,1,1.68,26,0,1,24,3,2,6,2,1,4,50
442,0,4,2,0,1,0,1,0,0.36,57,0,1,24,3,2,6,2,1,4,50
442,0,4,3,0,0,0,0,0,0,0,0,1,24,3,2,6,2,1,4,50
443,1,5,1,1,0,1,1,0,3.09,26,0,1,24,3,2,6,2,1,4,50
443,0,5,2,0,1,0,1,0,1.06,20,0,1,24,3,2,6,2,1,4,50
443,0,5,3,0,0,0,0,0,0,0,0,1,24,3,2,6,2,1,4,50
444,0,6,1,1,0,0,0,1,1.68,91,0,1,24,3,2,6,2,1,4,50
444,1,6,2,0,1,1,0,0,1.06,20,0,1,24,3,2,6,2,1,4,50
444,0,6,3,0,0,0,0,0,0,0,0,1,24,3,2,6,2,1,4,50
445,1,7,1,1,0,1,0,0,1.68,167,0,1,24,3,2,6,2,1,4,50
445,0,7,2,0,1,1,0,0,0.89,57,0,1,24,3,2,6,2,1,4,50
445,0,7,3,0,0,0,0,0,0,0,0,1,24,3,2,6,2,1,4,50
446,0,8,1,1,0,0,1,0,0.49,26,0,1,24,3,2,6,2,1,4,50
446,1,8,2,0,1,0,0,1,0.89,57,0,1,24,3,2,6,2,1,4,50
446,0,8,3,0,0,0,0,0,0,0,0,1,24,3,2,6,2,1,4,50
447,0,9,1,1,0,0,1,0,0.49,167,0,1,24,3,2,6,2,1,4,50
447,1,9,2,0,1,1,0,0,1.06,48,0,1,24,3,2,6,2,1,4,50
447,0,9,3,0,0,0,0,0,0,0,0,1,24,3,2,6,2,1,4,50
448,0,1,1,1,0,0,1,0,1.68,91,0,1,19,3,2,6,2,1,2,51
448,1,1,2,0,1,0,1,0,0.89,48,0,1,19,3,2,6,2,1,2,51
448,0,1,3,0,0,0,0,0,0,0,0,1,19,3,2,6,2,1,2,51
449,0,2,1,1,0,1,0,0,1.68,26,0,1,19,3,2,6,2,1,2,51
449,1,2,2,0,1,0,0,1,1.06,48,0,1,19,3,2,6,2,1,2,51
449,0,2,3,0,0,0,0,0,0,0,0,1,19,3,2,6,2,1,2,51
450,0,3,1,1,0,0,1,0,1.68,167,0,1,19,3,2,6,2,1,2,51
450,1,3,2,0,1,0,0,1,0.36,20,0,1,19,3,2,6,2,1,2,51
450,0,3,3,0,0,0,0,0,0,0,0,1,19,3,2,6,2,1,2,51
451,0,4,1,1,0,0,0,1,3.09,26,0,1,19,3,2,6,2,1,2,51
451,1,4,2,0,1,1,0,0,0.89,48,0,1,19,3,2,6,2,1,2,51
451,0,4,3,0,0,0,0,0,0,0,0,1,19,3,2,6,2,1,2,51
452,0,5,1,1,0,1,0,0,0.49,91,0,1,19,3,2,6,2,1,2,51
452,1,5,2,0,1,0,1,0,1.06,57,0,1,19,3,2,6,2,1,2,51
452,0,5,3,0,0,0,0,0,0,0,0,1,19,3,2,6,2,1,2,51
453,0,6,1,1,0,0,0,1,0.49,167,0,1,19,3,2,6,2,1,2,51
453,1,6,2,0,1,0,1,0,0.89,20,0,1,19,3,2,6,2,1,2,51
453,0,6,3,0,0,0,0,0,0,0,0,1,19,3,2,6,2,1,2,51
454,0,7,1,1,0,0,0,1,3.09,167,0,1,19,3,2,6,2,1,2,51
454,1,7,2,0,1,0,0,1,1.06,57,0,1,19,3,2,6,2,1,2,51
454,0,7,3,0,0,0,0,0,0,0,0,1,19,3,2,6,2,1,2,51
455,1,8,1,1,0,1,0,0,0.49,26,0,1,19,3,2,6,2,1,2,51
455,0,8,2,0,1,1,0,0,0.36,20,0,1,19,3,2,6,2,1,2,51
455,0,8,3,0,0,0,0,0,0,0,0,1,19,3,2,6,2,1,2,51
456,0,9,1,1,0,0,1,0,3.09,91,0,1,19,3,2,6,2,1,2,51
456,1,9,2,0,1,1,0,0,0.36,57,0,1,19,3,2,6,2,1,2,51
456,0,9,3,0,0,0,0,0,0,0,0,1,19,3,2,6,2,1,2,51
457,1,1,1,1,0,0,1,0,1.68,91,1,2,25,5,1,2,1,2,3,52
457,0,1,2,0,1,0,1,0,0.89,48,1,2,25,5,1,2,1,2,3,52
457,0,1,3,0,0,0,0,0,0,0,1,2,25,5,1,2,1,2,3,52
458,1,2,1,1,0,1,0,0,1.68,26,1,2,25,5,1,2,1,2,3,52
458,0,2,2,0,1,0,0,1,1.06,48,1,2,25,5,1,2,1,2,3,52
458,0,2,3,0,0,0,0,0,0,0,1,2,25,5,1,2,1,2,3,52
459,1,3,1,1,0,0,1,0,1.68,167,1,2,25,5,1,2,1,2,3,52
459,0,3,2,0,1,0,0,1,0.36,20,1,2,25,5,1,2,1,2,3,52
459,0,3,3,0,0,0,0,0,0,0,1,2,25,5,1,2,1,2,3,52
460,1,4,1,1,0,0,0,1,3.09,26,1,2,25,5,1,2,1,2,3,52
460,0,4,2,0,1,1,0,0,0.89,48,1,2,25,5,1,2,1,2,3,52
460,0,4,3,0,0,0,0,0,0,0,1,2,25,5,1,2,1,2,3,52
461,1,5,1,1,0,1,0,0,0.49,91,1,2,25,5,1,2,1,2,3,52
461,0,5,2,0,1,0,1,0,1.06,57,1,2,25,5,1,2,1,2,3,52
461,0,5,3,0,0,0,0,0,0,0,1,2,25,5,1,2,1,2,3,52
462,1,6,1,1,0,0,0,1,0.49,167,1,2,25,5,1,2,1,2,3,52
462,0,6,2,0,1,0,1,0,0.89,20,1,2,25,5,1,2,1,2,3,52
462,0,6,3,0,0,0,0,0,0,0,1,2,25,5,1,2,1,2,3,52
463,1,7,1,1,0,0,0,1,3.09,167,1,2,25,5,1,2,1,2,3,52
463,0,7,2,0,1,0,0,1,1.06,57,1,2,25,5,1,2,1,2,3,52
463,0,7,3,0,0,0,0,0,0,0,1,2,25,5,1,2,1,2,3,52
464,1,8,1,1,0,1,0,0,0.49,26,1,2,25,5,1,2,1,2,3,52
464,0,8,2,0,1,1,0,0,0.36,20,1,2,25,5,1,2,1,2,3,52
464,0,8,3,0,0,0,0,0,0,0,1,2,25,5,1,2,1,2,3,52
465,1,9,1,1,0,0,1,0,3.09,91,1,2,25,5,1,2,1,2,3,52
465,0,9,2,0,1,1,0,0,0.36,57,1,2,25,5,1,2,1,2,3,52
465,0,9,3,0,0,0,0,0,0,0,1,2,25,5,1,2,1,2,3,52
466,0,1,1,1,0,0,1,0,1.68,91,0,2,27,5,2,1,2,1,3,53
466,1,1,2,0,1,0,1,0,0.89,48,0,2,27,5,2,1,2,1,3,53
466,0,1,3,0,0,0,0,0,0,0,0,2,27,5,2,1,2,1,3,53
467,1,2,1,1,0,1,0,0,1.68,26,0,2,27,5,2,1,2,1,3,53
467,0,2,2,0,1,0,0,1,1.06,48,0,2,27,5,2,1,2,1,3,53
467,0,2,3,0,0,0,0,0,0,0,0,2,27,5,2,1,2,1,3,53
468,0,3,1,1,0,0,1,0,1.68,167,0,2,27,5,2,1,2,1,3,53
468,0,3,2,0,1,0,0,1,0.36,20,0,2,27,5,2,1,2,1,3,53
468,1,3,3,0,0,0,0,0,0,0,0,2,27,5,2,1,2,1,3,53
469,1,4,1,1,0,0,0,1,3.09,26,0,2,27,5,2,1,2,1,3,53
469,0,4,2,0,1,1,0,0,0.89,48,0,2,27,5,2,1,2,1,3,53
469,0,4,3,0,0,0,0,0,0,0,0,2,27,5,2,1,2,1,3,53
470,0,5,1,1,0,1,0,0,0.49,91,0,2,27,5,2,1,2,1,3,53
470,1,5,2,0,1,0,1,0,1.06,57,0,2,27,5,2,1,2,1,3,53
470,0,5,3,0,0,0,0,0,0,0,0,2,27,5,2,1,2,1,3,53
471,1,6,1,1,0,0,0,1,0.49,167,0,2,27,5,2,1,2,1,3,53
471,0,6,2,0,1,0,1,0,0.89,20,0,2,27,5,2,1,2,1,3,53
471,0,6,3,0,0,0,0,0,0,0,0,2,27,5,2,1,2,1,3,53
472,0,7,1,1,0,0,0,1,3.09,167,0,2,27,5,2,1,2,1,3,53
472,1,7,2,0,1,0,0,1,1.06,57,0,2,27,5,2,1,2,1,3,53
472,0,7,3,0,0,0,0,0,0,0,0,2,27,5,2,1,2,1,3,53
473,0,8,1,1,0,1,0,0,0.49,26,0,2,27,5,2,1,2,1,3,53
473,1,8,2,0,1,1,0,0,0.36,20,0,2,27,5,2,1,2,1,3,53
473,0,8,3,0,0,0,0,0,0,0,0,2,27,5,2,1,2,1,3,53
474,1,9,1,1,0,0,1,0,3.09,91,0,2,27,5,2,1,2,1,3,53
474,0,9,2,0,1,1,0,0,0.36,57,0,2,27,5,2,1,2,1,3,53
474,0,9,3,0,0,0,0,0,0,0,0,2,27,5,2,1,2,1,3,53
475,0,1,1,1,0,1,0,0,3.09,91,0,0,0,8,2,1,2,0,0,54
475,1,1,2,0,1,0,0,1,0.89,20,0,0,0,8,2,1,2,0,0,54
475,0,1,3,0,0,0,0,0,0,0,0,0,0,8,2,1,2,0,0,54
476,0,2,1,1,0,1,0,0,3.09,26,0,0,0,8,2,1,2,0,0,54
476,1,2,2,0,1,0,1,0,0.36,48,0,0,0,8,2,1,2,0,0,54
476,0,2,3,0,0,0,0,0,0,0,0,0,0,8,2,1,2,0,0,54
477,0,3,1,1,0,0,0,1,0.49,91,0,0,0,8,2,1,2,0,0,54
477,1,3,2,0,1,0,0,1,0.36,48,0,0,0,8,2,1,2,0,0,54
477,0,3,3,0,0,0,0,0,0,0,0,0,0,8,2,1,2,0,0,54
478,1,4,1,1,0,0,0,1,1.68,26,0,0,0,8,2,1,2,0,0,54
478,0,4,2,0,1,0,1,0,0.36,57,0,0,0,8,2,1,2,0,0,54
478,0,4,3,0,0,0,0,0,0,0,0,0,0,8,2,1,2,0,0,54
479,0,5,1,1,0,1,1,0,3.09,26,0,0,0,8,2,1,2,0,0,54
479,1,5,2,0,1,0,1,0,1.06,20,0,0,0,8,2,1,2,0,0,54
479,0,5,3,0,0,0,0,0,0,0,0,0,0,8,2,1,2,0,0,54
480,0,6,1,1,0,0,0,1,1.68,91,0,0,0,8,2,1,2,0,0,54
480,0,6,2,0,1,1,0,0,1.06,20,0,0,0,8,2,1,2,0,0,54
480,1,6,3,0,0,0,0,0,0,0,0,0,0,8,2,1,2,0,0,54
481,0,7,1,1,0,1,0,0,1.68,167,0,0,0,8,2,1,2,0,0,54
481,0,7,2,0,1,1,0,0,0.89,57,0,0,0,8,2,1,2,0,0,54
481,1,7,3,0,0,0,0,0,0,0,0,0,0,8,2,1,2,0,0,54
482,0,8,1,1,0,0,1,0,0.49,26,0,0,0,8,2,1,2,0,0,54
482,1,8,2,0,1,0,0,1,0.89,57,0,0,0,8,2,1,2,0,0,54
482,0,8,3,0,0,0,0,0,0,0,0,0,0,8,2,1,2,0,0,54
483,0,9,1,1,0,0,1,0,0.49,167,0,0,0,8,2,1,2,0,0,54
483,0,9,2,0,1,1,0,0,1.06,48,0,0,0,8,2,1,2,0,0,54
483,1,9,3,0,0,0,0,0,0,0,0,0,0,8,2,1,2,0,0,54
484,0,1,1,1,0,0,1,0,1.68,91,0,1,19,3,2,6,2,6,10,55
484,1,1,2,0,1,0,1,0,0.89,48,0,1,19,3,2,6,2,6,10,55
484,0,1,3,0,0,0,0,0,0,0,0,1,19,3,2,6,2,6,10,55
485,1,2,1,1,0,1,0,0,1.68,26,0,1,19,3,2,6,2,6,10,55
485,0,2,2,0,1,0,0,1,1.06,48,0,1,19,3,2,6,2,6,10,55
485,0,2,3,0,0,0,0,0,0,0,0,1,19,3,2,6,2,6,10,55
486,0,3,1,1,0,0,1,0,1.68,167,0,1,19,3,2,6,2,6,10,55
486,1,3,2,0,1,0,0,1,0.36,20,0,1,19,3,2,6,2,6,10,55
486,0,3,3,0,0,0,0,0,0,0,0,1,19,3,2,6,2,6,10,55
487,0,4,1,1,0,0,0,1,3.09,26,0,1,19,3,2,6,2,6,10,55
487,1,4,2,0,1,1,0,0,0.89,48,0,1,19,3,2,6,2,6,10,55
487,0,4,3,0,0,0,0,0,0,0,0,1,19,3,2,6,2,6,10,55
488,0,5,1,1,0,1,0,0,0.49,91,0,1,19,3,2,6,2,6,10,55
488,1,5,2,0,1,0,1,0,1.06,57,0,1,19,3,2,6,2,6,10,55
488,0,5,3,0,0,0,0,0,0,0,0,1,19,3,2,6,2,6,10,55
489,0,6,1,1,0,0,0,1,0.49,167,0,1,19,3,2,6,2,6,10,55
489,1,6,2,0,1,0,1,0,0.89,20,0,1,19,3,2,6,2,6,10,55
489,0,6,3,0,0,0,0,0,0,0,0,1,19,3,2,6,2,6,10,55
490,0,7,1,1,0,0,0,1,3.09,167,0,1,19,3,2,6,2,6,10,55
490,1,7,2,0,1,0,0,1,1.06,57,0,1,19,3,2,6,2,6,10,55
490,0,7,3,0,0,0,0,0,0,0,0,1,19,3,2,6,2,6,10,55
491,0,8,1,1,0,1,0,0,0.49,26,0,1,19,3,2,6,2,6,10,55
491,1,8,2,0,1,1,0,0,0.36,20,0,1,19,3,2,6,2,6,10,55
491,0,8,3,0,0,0,0,0,0,0,0,1,19,3,2,6,2,6,10,55
492,0,9,1,1,0,0,1,0,3.09,91,0,1,19,3,2,6,2,6,10,55
492,1,9,2,0,1,1,0,0,0.36,57,0,1,19,3,2,6,2,6,10,55
492,0,9,3,0,0,0,0,0,0,0,0,1,19,3,2,6,2,6,10,55
493,0,1,1,1,0,1,0,0,3.09,91,1,4,50,5,1,2,1,4,11,56
493,1,1,2,0,1,0,0,1,0.89,20,1,4,50,5,1,2,1,4,11,56
493,0,1,3,0,0,0,0,0,0,0,1,4,50,5,1,2,1,4,11,56
494,0,2,1,1,0,1,0,0,3.09,26,1,4,50,5,1,2,1,4,11,56
494,1,2,2,0,1,0,1,0,0.36,48,1,4,50,5,1,2,1,4,11,56
494,0,2,3,0,0,0,0,0,0,0,1,4,50,5,1,2,1,4,11,56
495,0,3,1,1,0,0,0,1,0.49,91,1,4,50,5,1,2,1,4,11,56
495,1,3,2,0,1,0,0,1,0.36,48,1,4,50,5,1,2,1,4,11,56
495,0,3,3,0,0,0,0,0,0,0,1,4,50,5,1,2,1,4,11,56
496,0,4,1,1,0,0,0,1,1.68,26,1,4,50,5,1,2,1,4,11,56
496,1,4,2,0,1,0,1,0,0.36,57,1,4,50,5,1,2,1,4,11,56
496,0,4,3,0,0,0,0,0,0,0,1,4,50,5,1,2,1,4,11,56
497,0,5,1,1,0,1,1,0,3.09,26,1,4,50,5,1,2,1,4,11,56
497,1,5,2,0,1,0,1,0,1.06,20,1,4,50,5,1,2,1,4,11,56
497,0,5,3,0,0,0,0,0,0,0,1,4,50,5,1,2,1,4,11,56
498,0,6,1,1,0,0,0,1,1.68,91,1,4,50,5,1,2,1,4,11,56
498,1,6,2,0,1,1,0,0,1.06,20,1,4,50,5,1,2,1,4,11,56
498,0,6,3,0,0,0,0,0,0,0,1,4,50,5,1,2,1,4,11,56
499,0,7,1,1,0,1,0,0,1.68,167,1,4,50,5,1,2,1,4,11,56
499,1,7,2,0,1,1,0,0,0.89,57,1,4,50,5,1,2,1,4,11,56
499,0,7,3,0,0,0,0,0,0,0,1,4,50,5,1,2,1,4,11,56
500,0,8,1,1,0,0,1,0,0.49,26,1,4,50,5,1,2,1,4,11,56
500,1,8,2,0,1,0,0,1,0.89,57,1,4,50,5,1,2,1,4,11,56
500,0,8,3,0,0,0,0,0,0,0,1,4,50,5,1,2,1,4,11,56
501,0,9,1,1,0,0,1,0,0.49,167,1,4,50,5,1,2,1,4,11,56
501,1,9,2,0,1,1,0,0,1.06,48,1,4,50,5,1,2,1,4,11,56
501,0,9,3,0,0,0,0,0,0,0,1,4,50,5,1,2,1,4,11,56
502,0,1,1,1,0,1,0,0,3.09,91,0,1,24,3,2,1,1,2,2,57
502,0,1,2,0,1,0,0,1,0.89,20,0,1,24,3,2,1,1,2,2,57
502,1,1,3,0,0,0,0,0,0,0,0,1,24,3,2,1,1,2,2,57
503,0,2,1,1,0,1,0,0,3.09,26,0,1,24,3,2,1,1,2,2,57
503,0,2,2,0,1,0,1,0,0.36,48,0,1,24,3,2,1,1,2,2,57
503,1,2,3,0,0,0,0,0,0,0,0,1,24,3,2,1,1,2,2,57
504,0,3,1,1,0,0,0,1,0.49,91,0,1,24,3,2,1,1,2,2,57
504,0,3,2,0,1,0,0,1,0.36,48,0,1,24,3,2,1,1,2,2,57
504,1,3,3,0,0,0,0,0,0,0,0,1,24,3,2,1,1,2,2,57
505,0,4,1,1,0,0,0,1,1.68,26,0,1,24,3,2,1,1,2,2,57
505,0,4,2,0,1,0,1,0,0.36,57,0,1,24,3,2,1,1,2,2,57
505,1,4,3,0,0,0,0,0,0,0,0,1,24,3,2,1,1,2,2,57
506,0,5,1,1,0,1,1,0,3.09,26,0,1,24,3,2,1,1,2,2,57
506,0,5,2,0,1,0,1,0,1.06,20,0,1,24,3,2,1,1,2,2,57
506,1,5,3,0,0,0,0,0,0,0,0,1,24,3,2,1,1,2,2,57
507,0,6,1,1,0,0,0,1,1.68,91,0,1,24,3,2,1,1,2,2,57
507,0,6,2,0,1,1,0,0,1.06,20,0,1,24,3,2,1,1,2,2,57
507,1,6,3,0,0,0,0,0,0,0,0,1,24,3,2,1,1,2,2,57
508,0,7,1,1,0,1,0,0,1.68,167,0,1,24,3,2,1,1,2,2,57
508,0,7,2,0,1,1,0,0,0.89,57,0,1,24,3,2,1,1,2,2,57
508,1,7,3,0,0,0,0,0,0,0,0,1,24,3,2,1,1,2,2,57
509,0,8,1,1,0,0,1,0,0.49,26,0,1,24,3,2,1,1,2,2,57
509,0,8,2,0,1,0,0,1,0.89,57,0,1,24,3,2,1,1,2,2,57
509,1,8,3,0,0,0,0,0,0,0,0,1,24,3,2,1,1,2,2,57
510,0,9,1,1,0,0,1,0,0.49,167,0,1,24,3,2,1,1,2,2,57
510,0,9,2,0,1,1,0,0,1.06,48,0,1,24,3,2,1,1,2,2,57
510,1,9,3,0,0,0,0,0,0,0,0,1,24,3,2,1,1,2,2,57
511,1,1,1,1,0,1,0,0,3.09,91,1,2,25,5,1,6,1,4,2,58
511,0,1,2,0,1,0,0,1,0.89,20,1,2,25,5,1,6,1,4,2,58
511,0,1,3,0,0,0,0,0,0,0,1,2,25,5,1,6,1,4,2,58
512,1,2,1,1,0,1,0,0,3.09,26,1,2,25,5,1,6,1,4,2,58
512,0,2,2,0,1,0,1,0,0.36,48,1,2,25,5,1,6,1,4,2,58
512,0,2,3,0,0,0,0,0,0,0,1,2,25,5,1,6,1,4,2,58
513,1,3,1,1,0,0,0,1,0.49,91,1,2,25,5,1,6,1,4,2,58
513,0,3,2,0,1,0,0,1,0.36,48,1,2,25,5,1,6,1,4,2,58
513,0,3,3,0,0,0,0,0,0,0,1,2,25,5,1,6,1,4,2,58
514,1,4,1,1,0,0,0,1,1.68,26,1,2,25,5,1,6,1,4,2,58
514,0,4,2,0,1,0,1,0,0.36,57,1,2,25,5,1,6,1,4,2,58
514,0,4,3,0,0,0,0,0,0,0,1,2,25,5,1,6,1,4,2,58
515,0,5,1,1,0,1,1,0,3.09,26,1,2,25,5,1,6,1,4,2,58
515,1,5,2,0,1,0,1,0,1.06,20,1,2,25,5,1,6,1,4,2,58
515,0,5,3,0,0,0,0,0,0,0,1,2,25,5,1,6,1,4,2,58
516,0,6,1,1,0,0,0,1,1.68,91,1,2,25,5,1,6,1,4,2,58
516,1,6,2,0,1,1,0,0,1.06,20,1,2,25,5,1,6,1,4,2,58
516,0,6,3,0,0,0,0,0,0,0,1,2,25,5,1,6,1,4,2,58
517,0,7,1,1,0,1,0,0,1.68,167,1,2,25,5,1,6,1,4,2,58
517,1,7,2,0,1,1,0,0,0.89,57,1,2,25,5,1,6,1,4,2,58
517,0,7,3,0,0,0,0,0,0,0,1,2,25,5,1,6,1,4,2,58
518,0,8,1,1,0,0,1,0,0.49,26,1,2,25,5,1,6,1,4,2,58
518,1,8,2,0,1,0,0,1,0.89,57,1,2,25,5,1,6,1,4,2,58
518,0,8,3,0,0,0,0,0,0,0,1,2,25,5,1,6,1,4,2,58
519,0,9,1,1,0,0,1,0,0.49,167,1,2,25,5,1,6,1,4,2,58
519,1,9,2,0,1,1,0,0,1.06,48,1,2,25,5,1,6,1,4,2,58
519,0,9,3,0,0,0,0,0,0,0,1,2,25,5,1,6,1,4,2,58
520,0,1,1,1,0,0,1,0,1.68,91,1,3,43,3,1,2,1,4,12,59
520,1,1,2,0,1,0,1,0,0.89,48,1,3,43,3,1,2,1,4,12,59
520,0,1,3,0,0,0,0,0,0,0,1,3,43,3,1,2,1,4,12,59
521,0,2,1,1,0,1,0,0,1.68,26,1,3,43,3,1,2,1,4,12,59
521,1,2,2,0,1,0,0,1,1.06,48,1,3,43,3,1,2,1,4,12,59
521,0,2,3,0,0,0,0,0,0,0,1,3,43,3,1,2,1,4,12,59
522,0,3,1,1,0,0,1,0,1.68,167,1,3,43,3,1,2,1,4,12,59
522,1,3,2,0,1,0,0,1,0.36,20,1,3,43,3,1,2,1,4,12,59
522,0,3,3,0,0,0,0,0,0,0,1,3,43,3,1,2,1,4,12,59
523,0,4,1,1,0,0,0,1,3.09,26,1,3,43,3,1,2,1,4,12,59
523,1,4,2,0,1,1,0,0,0.89,48,1,3,43,3,1,2,1,4,12,59
523,0,4,3,0,0,0,0,0,0,0,1,3,43,3,1,2,1,4,12,59
524,0,5,1,1,0,1,0,0,0.49,91,1,3,43,3,1,2,1,4,12,59
524,1,5,2,0,1,0,1,0,1.06,57,1,3,43,3,1,2,1,4,12,59
524,0,5,3,0,0,0,0,0,0,0,1,3,43,3,1,2,1,4,12,59
525,0,6,1,1,0,0,0,1,0.49,167,1,3,43,3,1,2,1,4,12,59
525,1,6,2,0,1,0,1,0,0.89,20,1,3,43,3,1,2,1,4,12,59
525,0,6,3,0,0,0,0,0,0,0,1,3,43,3,1,2,1,4,12,59
526,0,7,1,1,0,0,0,1,3.09,167,1,3,43,3,1,2,1,4,12,59
526,1,7,2,0,1,0,0,1,1.06,57,1,3,43,3,1,2,1,4,12,59
526,0,7,3,0,0,0,0,0,0,0,1,3,43,3,1,2,1,4,12,59
527,0,8,1,1,0,1,0,0,0.49,26,1,3,43,3,1,2,1,4,12,59
527,1,8,2,0,1,1,0,0,0.36,20,1,3,43,3,1,2,1,4,12,59
527,0,8,3,0,0,0,0,0,0,0,1,3,43,3,1,2,1,4,12,59
528,0,9,1,1,0,0,1,0,3.09,91,1,3,43,3,1,2,1,4,12,59
528,1,9,2,0,1,1,0,0,0.36,57,1,3,43,3,1,2,1,4,12,59
528,0,9,3,0,0,0,0,0,0,0,1,3,43,3,1,2,1,4,12,59
529,0,1,1,1,0,0,1,0,1.68,91,0,4,48,4,1,2,1,4,12,60
529,0,1,2,0,1,0,1,0,0.89,48,0,4,48,4,1,2,1,4,12,60
529,1,1,3,0,0,0,0,0,0,0,0,4,48,4,1,2,1,4,12,60
530,0,2,1,1,0,1,0,0,1.68,26,0,4,48,4,1,2,1,4,12,60
530,1,2,2,0,1,0,0,1,1.06,48,0,4,48,4,1,2,1,4,12,60
530,0,2,3,0,0,0,0,0,0,0,0,4,48,4,1,2,1,4,12,60
531,0,3,1,1,0,0,1,0,1.68,167,0,4,48,4,1,2,1,4,12,60
531,1,3,2,0,1,0,0,1,0.36,20,0,4,48,4,1,2,1,4,12,60
531,0,3,3,0,0,0,0,0,0,0,0,4,48,4,1,2,1,4,12,60
532,1,4,1,1,0,0,0,1,3.09,26,0,4,48,4,1,2,1,4,12,60
532,0,4,2,0,1,1,0,0,0.89,48,0,4,48,4,1,2,1,4,12,60
532,0,4,3,0,0,0,0,0,0,0,0,4,48,4,1,2,1,4,12,60
533,0,5,1,1,0,1,0,0,0.49,91,0,4,48,4,1,2,1,4,12,60
533,0,5,2,0,1,0,1,0,1.06,57,0,4,48,4,1,2,1,4,12,60
533,1,5,3,0,0,0,0,0,0,0,0,4,48,4,1,2,1,4,12,60
534,1,6,1,1,0,0,0,1,0.49,167,0,4,48,4,1,2,1,4,12,60
534,0,6,2,0,1,0,1,0,0.89,20,0,4,48,4,1,2,1,4,12,60
534,0,6,3,0,0,0,0,0,0,0,0,4,48,4,1,2,1,4,12,60
535,1,7,1,1,0,0,0,1,3.09,167,0,4,48,4,1,2,1,4,12,60
535,0,7,2,0,1,0,0,1,1.06,57,0,4,48,4,1,2,1,4,12,60
535,0,7,3,0,0,0,0,0,0,0,0,4,48,4,1,2,1,4,12,60
536,0,8,1,1,0,1,0,0,0.49,26,0,4,48,4,1,2,1,4,12,60
536,0,8,2,0,1,1,0,0,0.36,20,0,4,48,4,1,2,1,4,12,60
536,1,8,3,0,0,0,0,0,0,0,0,4,48,4,1,2,1,4,12,60
537,0,9,1,1,0,0,1,0,3.09,91,0,4,48,4,1,2,1,4,12,60
537,0,9,2,0,1,1,0,0,0.36,57,0,4,48,4,1,2,1,4,12,60
537,1,9,3,0,0,0,0,0,0,0,0,4,48,4,1,2,1,4,12,60
538,0,1,1,1,0,1,0,0,3.09,91,1,2,34,5,1,6,1,2,1,61
538,1,1,2,0,1,0,0,1,0.89,20,1,2,34,5,1,6,1,2,1,61
538,0,1,3,0,0,0,0,0,0,0,1,2,34,5,1,6,1,2,1,61
539,1,2,1,1,0,1,0,0,3.09,26,1,2,34,5,1,6,1,2,1,61
539,0,2,2,0,1,0,1,0,0.36,48,1,2,34,5,1,6,1,2,1,61
539,0,2,3,0,0,0,0,0,0,0,1,2,34,5,1,6,1,2,1,61
540,1,3,1,1,0,0,0,1,0.49,91,1,2,34,5,1,6,1,2,1,61
540,0,3,2,0,1,0,0,1,0.36,48,1,2,34,5,1,6,1,2,1,61
540,0,3,3,0,0,0,0,0,0,0,1,2,34,5,1,6,1,2,1,61
541,1,4,1,1,0,0,0,1,1.68,26,1,2,34,5,1,6,1,2,1,61
541,0,4,2,0,1,0,1,0,0.36,57,1,2,34,5,1,6,1,2,1,61
541,0,4,3,0,0,0,0,0,0,0,1,2,34,5,1,6,1,2,1,61
542,0,5,1,1,0,1,1,0,3.09,26,1,2,34,5,1,6,1,2,1,61
542,1,5,2,0,1,0,1,0,1.06,20,1,2,34,5,1,6,1,2,1,61
542,0,5,3,0,0,0,0,0,0,0,1,2,34,5,1,6,1,2,1,61
543,1,6,1,1,0,0,0,1,1.68,91,1,2,34,5,1,6,1,2,1,61
543,0,6,2,0,1,1,0,0,1.06,20,1,2,34,5,1,6,1,2,1,61
543,0,6,3,0,0,0,0,0,0,0,1,2,34,5,1,6,1,2,1,61
544,1,7,1,1,0,1,0,0,1.68,167,1,2,34,5,1,6,1,2,1,61
544,0,7,2,0,1,1,0,0,0.89,57,1,2,34,5,1,6,1,2,1,61
544,0,7,3,0,0,0,0,0,0,0,1,2,34,5,1,6,1,2,1,61
545,0,8,1,1,0,0,1,0,0.49,26,1,2,34,5,1,6,1,2,1,61
545,1,8,2,0,1,0,0,1,0.89,57,1,2,34,5,1,6,1,2,1,61
545,0,8,3,0,0,0,0,0,0,0,1,2,34,5,1,6,1,2,1,61
546,1,9,1,1,0,0,1,0,0.49,167,1,2,34,5,1,6,1,2,1,61
546,0,9,2,0,1,1,0,0,1.06,48,1,2,34,5,1,6,1,2,1,61
546,0,9,3,0,0,0,0,0,0,0,1,2,34,5,1,6,1,2,1,61
547,1,1,1,1,0,0,1,0,1.68,91,0,5,63,5,1,6,1,2,7,62
547,0,1,2,0,1,0,1,0,0.89,48,0,5,63,5,1,6,1,2,7,62
547,0,1,3,0,0,0,0,0,0,0,0,5,63,5,1,6,1,2,7,62
548,1,2,1,1,0,1,0,0,1.68,26,0,5,63,5,1,6,1,2,7,62
548,0,2,2,0,1,0,0,1,1.06,48,0,5,63,5,1,6,1,2,7,62
548,0,2,3,0,0,0,0,0,0,0,0,5,63,5,1,6,1,2,7,62
549,1,3,1,1,0,0,1,0,1.68,167,0,5,63,5,1,6,1,2,7,62
549,0,3,2,0,1,0,0,1,0.36,20,0,5,63,5,1,6,1,2,7,62
549,0,3,3,0,0,0,0,0,0,0,0,5,63,5,1,6,1,2,7,62
550,1,4,1,1,0,0,0,1,3.09,26,0,5,63,5,1,6,1,2,7,62
550,0,4,2,0,1,1,0,0,0.89,48,0,5,63,5,1,6,1,2,7,62
550,0,4,3,0,0,0,0,0,0,0,0,5,63,5,1,6,1,2,7,62
551,0,5,1,1,0,1,0,0,0.49,91,0,5,63,5,1,6,1,2,7,62
551,1,5,2,0,1,0,1,0,1.06,57,0,5,63,5,1,6,1,2,7,62
551,0,5,3,0,0,0,0,0,0,0,0,5,63,5,1,6,1,2,7,62
552,0,6,1,1,0,0,0,1,0.49,167,0,5,63,5,1,6,1,2,7,62
552,1,6,2,0,1,0,1,0,0.89,20,0,5,63,5,1,6,1,2,7,62
552,0,6,3,0,0,0,0,0,0,0,0,5,63,5,1,6,1,2,7,62
553,1,7,1,1,0,0,0,1,3.09,167,0,5,63,5,1,6,1,2,7,62
553,0,7,2,0,1,0,0,1,1.06,57,0,5,63,5,1,6,1,2,7,62
553,0,7,3,0,0,0,0,0,0,0,0,5,63,5,1,6,1,2,7,62
554,1,8,1,1,0,1,0,0,0.49,26,0,5,63,5,1,6,1,2,7,62
554,0,8,2,0,1,1,0,0,0.36,20,0,5,63,5,1,6,1,2,7,62
554,0,8,3,0,0,0,0,0,0,0,0,5,63,5,1,6,1,2,7,62
555,1,9,1,1,0,0,1,0,3.09,91,0,5,63,5,1,6,1,2,7,62
555,0,9,2,0,1,1,0,0,0.36,57,0,5,63,5,1,6,1,2,7,62
555,0,9,3,0,0,0,0,0,0,0,0,5,63,5,1,6,1,2,7,62
556,0,1,1,1,0,0,1,0,1.68,91,0,1,19,3,2,2,2,1,8,63
556,0,1,2,0,1,0,1,0,0.89,48,0,1,19,3,2,2,2,1,8,63
556,1,1,3,0,0,0,0,0,0,0,0,1,19,3,2,2,2,1,8,63
557,0,2,1,1,0,1,0,0,1.68,26,0,1,19,3,2,2,2,1,8,63
557,0,2,2,0,1,0,0,1,1.06,48,0,1,19,3,2,2,2,1,8,63
557,1,2,3,0,0,0,0,0,0,0,0,1,19,3,2,2,2,1,8,63
558,0,3,1,1,0,0,1,0,1.68,167,0,1,19,3,2,2,2,1,8,63
558,0,3,2,0,1,0,0,1,0.36,20,0,1,19,3,2,2,2,1,8,63
558,0,3,3,0,0,0,0,0,0,0,0,1,19,3,2,2,2,1,8,63
559,0,4,1,1,0,0,0,1,3.09,26,0,1,19,3,2,2,2,1,8,63
559,0,4,2,0,1,1,0,0,0.89,48,0,1,19,3,2,2,2,1,8,63
559,1,4,3,0,0,0,0,0,0,0,0,1,19,3,2,2,2,1,8,63
560,0,5,1,1,0,1,0,0,0.49,91,0,1,19,3,2,2,2,1,8,63
560,0,5,2,0,1,0,1,0,1.06,57,0,1,19,3,2,2,2,1,8,63
560,1,5,3,0,0,0,0,0,0,0,0,1,19,3,2,2,2,1,8,63
561,0,6,1,1,0,0,0,1,0.49,167,0,1,19,3,2,2,2,1,8,63
561,0,6,2,0,1,0,1,0,0.89,20,0,1,19,3,2,2,2,1,8,63
561,1,6,3,0,0,0,0,0,0,0,0,1,19,3,2,2,2,1,8,63
562,0,7,1,1,0,0,0,1,3.09,167,0,1,19,3,2,2,2,1,8,63
562,0,7,2,0,1,0,0,1,1.06,57,0,1,19,3,2,2,2,1,8,63
562,1,7,3,0,0,0,0,0,0,0,0,1,19,3,2,2,2,1,8,63
563,0,8,1,1,0,1,0,0,0.49,26,0,1,19,3,2,2,2,1,8,63
563,0,8,2,0,1,1,0,0,0.36,20,0,1,19,3,2,2,2,1,8,63
563,1,8,3,0,0,0,0,0,0,0,0,1,19,3,2,2,2,1,8,63
564,0,9,1,1,0,0,1,0,3.09,91,0,1,19,3,2,2,2,1,8,63
564,0,9,2,0,1,1,0,0,0.36,57,0,1,19,3,2,2,2,1,8,63
564,1,9,3,0,0,0,0,0,0,0,0,1,19,3,2,2,2,1,8,63
565,1,1,1,1,0,0,1,0,1.68,91,0,1,18,3,2,1,2,1,2,64
565,0,1,2,0,1,0,1,0,0.89,48,0,1,18,3,2,1,2,1,2,64
565,0,1,3,0,0,0,0,0,0,0,0,1,18,3,2,1,2,1,2,64
566,1,2,1,1,0,1,0,0,1.68,26,0,1,18,3,2,1,2,1,2,64
566,0,2,2,0,1,0,0,1,1.06,48,0,1,18,3,2,1,2,1,2,64
566,0,2,3,0,0,0,0,0,0,0,0,1,18,3,2,1,2,1,2,64
567,1,3,1,1,0,0,1,0,1.68,167,0,1,18,3,2,1,2,1,2,64
567,0,3,2,0,1,0,0,1,0.36,20,0,1,18,3,2,1,2,1,2,64
567,0,3,3,0,0,0,0,0,0,0,0,1,18,3,2,1,2,1,2,64
568,0,4,1,1,0,0,0,1,3.09,26,0,1,18,3,2,1,2,1,2,64
568,1,4,2,0,1,1,0,0,0.89,48,0,1,18,3,2,1,2,1,2,64
568,0,4,3,0,0,0,0,0,0,0,0,1,18,3,2,1,2,1,2,64
569,0,5,1,1,0,1,0,0,0.49,91,0,1,18,3,2,1,2,1,2,64
569,1,5,2,0,1,0,1,0,1.06,57,0,1,18,3,2,1,2,1,2,64
569,0,5,3,0,0,0,0,0,0,0,0,1,18,3,2,1,2,1,2,64
570,0,6,1,1,0,0,0,1,0.49,167,0,1,18,3,2,1,2,1,2,64
570,1,6,2,0,1,0,1,0,0.89,20,0,1,18,3,2,1,2,1,2,64
570,0,6,3,0,0,0,0,0,0,0,0,1,18,3,2,1,2,1,2,64
571,0,7,1,1,0,0,0,1,3.09,167,0,1,18,3,2,1,2,1,2,64
571,1,7,2,0,1,0,0,1,1.06,57,0,1,18,3,2,1,2,1,2,64
571,0,7,3,0,0,0,0,0,0,0,0,1,18,3,2,1,2,1,2,64
572,0,8,1,1,0,1,0,0,0.49,26,0,1,18,3,2,1,2,1,2,64
572,1,8,2,0,1,1,0,0,0.36,20,0,1,18,3,2,1,2,1,2,64
572,0,8,3,0,0,0,0,0,0,0,0,1,18,3,2,1,2,1,2,64
573,1,9,1,1,0,0,1,0,3.09,91,0,1,18,3,2,1,2,1,2,64
573,0,9,2,0,1,1,0,0,0.36,57,0,1,18,3,2,1,2,1,2,64
573,0,9,3,0,0,0,0,0,0,0,0,1,18,3,2,1,2,1,2,64
574,0,1,1,1,0,0,1,0,1.68,91,1,1,24,5,2,2,2,1,1,65
574,0,1,2,0,1,0,1,0,0.89,48,1,1,24,5,2,2,2,1,1,65
574,1,1,3,0,0,0,0,0,0,0,1,1,24,5,2,2,2,1,1,65
575,0,2,1,1,0,1,0,0,1.68,26,1,1,24,5,2,2,2,1,1,65
575,1,2,2,0,1,0,0,1,1.06,48,1,1,24,5,2,2,2,1,1,65
575,0,2,3,0,0,0,0,0,0,0,1,1,24,5,2,2,2,1,1,65
576,0,3,1,1,0,0,1,0,1.68,167,1,1,24,5,2,2,2,1,1,65
576,1,3,2,0,1,0,0,1,0.36,20,1,1,24,5,2,2,2,1,1,65
576,0,3,3,0,0,0,0,0,0,0,1,1,24,5,2,2,2,1,1,65
577,1,4,1,1,0,0,0,1,3.09,26,1,1,24,5,2,2,2,1,1,65
577,0,4,2,0,1,1,0,0,0.89,48,1,1,24,5,2,2,2,1,1,65
577,0,4,3,0,0,0,0,0,0,0,1,1,24,5,2,2,2,1,1,65
578,1,6,1,1,0,0,0,1,0.49,167,1,1,24,5,2,2,2,1,1,65
578,0,6,2,0,1,0,1,0,0.89,20,1,1,24,5,2,2,2,1,1,65
578,0,6,3,0,0,0,0,0,0,0,1,1,24,5,2,2,2,1,1,65
579,1,7,1,1,0,0,0,1,3.09,167,1,1,24,5,2,2,2,1,1,65
579,0,7,2,0,1,0,0,1,1.06,57,1,1,24,5,2,2,2,1,1,65
579,0,7,3,0,0,0,0,0,0,0,1,1,24,5,2,2,2,1,1,65
580,0,8,1,1,0,1,0,0,0.49,26,1,1,24,5,2,2,2,1,1,65
580,1,8,2,0,1,1,0,0,0.36,20,1,1,24,5,2,2,2,1,1,65
580,0,8,3,0,0,0,0,0,0,0,1,1,24,5,2,2,2,1,1,65
581,1,9,1,1,0,0,1,0,3.09,91,1,1,24,5,2,2,2,1,1,65
581,0,9,2,0,1,1,0,0,0.36,57,1,1,24,5,2,2,2,1,1,65
581,0,9,3,0,0,0,0,0,0,0,1,1,24,5,2,2,2,1,1,65
582,0,1,1,1,0,1,0,0,3.09,91,0,1,21,3,2,1,2,1,1,66
582,1,1,2,0,1,0,0,1,0.89,20,0,1,21,3,2,1,2,1,1,66
582,0,1,3,0,0,0,0,0,0,0,0,1,21,3,2,1,2,1,1,66
583,0,2,1,1,0,1,0,0,3.09,26,0,1,21,3,2,1,2,1,1,66
583,1,2,2,0,1,0,1,0,0.36,48,0,1,21,3,2,1,2,1,1,66
583,0,2,3,0,0,0,0,0,0,0,0,1,21,3,2,1,2,1,1,66
584,1,3,1,1,0,0,0,1,0.49,91,0,1,21,3,2,1,2,1,1,66
584,0,3,2,0,1,0,0,1,0.36,48,0,1,21,3,2,1,2,1,1,66
584,0,3,3,0,0,0,0,0,0,0,0,1,21,3,2,1,2,1,1,66
585,1,4,1,1,0,0,0,1,1.68,26,0,1,21,3,2,1,2,1,1,66
585,0,4,2,0,1,0,1,0,0.36,57,0,1,21,3,2,1,2,1,1,66
585,0,4,3,0,0,0,0,0,0,0,0,1,21,3,2,1,2,1,1,66
586,0,5,1,1,0,1,1,0,3.09,26,0,1,21,3,2,1,2,1,1,66
586,1,5,2,0,1,0,1,0,1.06,20,0,1,21,3,2,1,2,1,1,66
586,0,5,3,0,0,0,0,0,0,0,0,1,21,3,2,1,2,1,1,66
587,1,6,1,1,0,0,0,1,1.68,91,0,1,21,3,2,1,2,1,1,66
587,0,6,2,0,1,1,0,0,1.06,20,0,1,21,3,2,1,2,1,1,66
587,0,6,3,0,0,0,0,0,0,0,0,1,21,3,2,1,2,1,1,66
588,1,7,1,1,0,1,0,0,1.68,167,0,1,21,3,2,1,2,1,1,66
588,0,7,2,0,1,1,0,0,0.89,57,0,1,21,3,2,1,2,1,1,66
588,0,7,3,0,0,0,0,0,0,0,0,1,21,3,2,1,2,1,1,66
589,0,8,1,1,0,0,1,0,0.49,26,0,1,21,3,2,1,2,1,1,66
589,1,8,2,0,1,0,0,1,0.89,57,0,1,21,3,2,1,2,1,1,66
589,0,8,3,0,0,0,0,0,0,0,0,1,21,3,2,1,2,1,1,66
590,0,9,1,1,0,0,1,0,0.49,167,0,1,21,3,2,1,2,1,1,66
590,1,9,2,0,1,1,0,0,1.06,48,0,1,21,3,2,1,2,1,1,66
590,0,9,3,0,0,0,0,0,0,0,0,1,21,3,2,1,2,1,1,66
591,1,1,1,1,0,0,1,0,1.68,91,0,2,30,5,3,2,1,7,12,67
591,0,1,2,0,1,0,1,0,0.89,48,0,2,30,5,3,2,1,7,12,67
591,0,1,3,0,0,0,0,0,0,0,0,2,30,5,3,2,1,7,12,67
592,0,2,1,1,0,1,0,0,1.68,26,0,2,30,5,3,2,1,7,12,67
592,1,2,2,0,1,0,0,1,1.06,48,0,2,30,5,3,2,1,7,12,67
592,0,2,3,0,0,0,0,0,0,0,0,2,30,5,3,2,1,7,12,67
593,0,3,1,1,0,0,1,0,1.68,167,0,2,30,5,3,2,1,7,12,67
593,1,3,2,0,1,0,0,1,0.36,20,0,2,30,5,3,2,1,7,12,67
593,0,3,3,0,0,0,0,0,0,0,0,2,30,5,3,2,1,7,12,67
594,1,4,1,1,0,0,0,1,3.09,26,0,2,30,5,3,2,1,7,12,67
594,0,4,2,0,1,1,0,0,0.89,48,0,2,30,5,3,2,1,7,12,67
594,0,4,3,0,0,0,0,0,0,0,0,2,30,5,3,2,1,7,12,67
595,1,5,1,1,0,1,0,0,0.49,91,0,2,30,5,3,2,1,7,12,67
595,0,5,2,0,1,0,1,0,1.06,57,0,2,30,5,3,2,1,7,12,67
595,0,5,3,0,0,0,0,0,0,0,0,2,30,5,3,2,1,7,12,67
596,1,6,1,1,0,0,0,1,0.49,167,0,2,30,5,3,2,1,7,12,67
596,0,6,2,0,1,0,1,0,0.89,20,0,2,30,5,3,2,1,7,12,67
596,0,6,3,0,0,0,0,0,0,0,0,2,30,5,3,2,1,7,12,67
597,1,7,1,1,0,0,0,1,3.09,167,0,2,30,5,3,2,1,7,12,67
597,0,7,2,0,1,0,0,1,1.06,57,0,2,30,5,3,2,1,7,12,67
597,0,7,3,0,0,0,0,0,0,0,0,2,30,5,3,2,1,7,12,67
598,1,8,1,1,0,1,0,0,0.49,26,0,2,30,5,3,2,1,7,12,67
598,0,8,2,0,1,1,0,0,0.36,20,0,2,30,5,3,2,1,7,12,67
598,0,8,3,0,0,0,0,0,0,0,0,2,30,5,3,2,1,7,12,67
599,1,9,1,1,0,0,1,0,3.09,91,0,2,30,5,3,2,1,7,12,67
599,0,9,2,0,1,1,0,0,0.36,57,0,2,30,5,3,2,1,7,12,67
599,0,9,3,0,0,0,0,0,0,0,0,2,30,5,3,2,1,7,12,67
